skill_match,keyword_match,resume_jd_similarity,experience_score,education_score,project_relevance,certification_score,ats_score,candidate_suitable
79.91648388447706,53.11027518016419,86.6878335929106,73.7894423247491,25.534187831011963,96.04978813094047,78.89117615922824,72.29913459548662,1
80.8851444221563,28.24909061404367,54.03087503164537,47.663841938606495,92.14119910788814,69.50920960645317,83.82092906166639,60.83500719332541,1
53.47313590618649,36.17909774278215,62.366782961266786,23.105380488334028,84.21049375940656,68.53315192976518,78.64701920682991,52.95853086433095,0
46.36207745038947,95.65584195159227,89.44968970577581,80.27067976590095,33.571096628157406,55.33768029816274,21.504301262978302,67.5648134344495,1
30.343159365403828,72.64391625939638,77.58097247262538,95.4007785947368,44.06602865105216,47.636776482789514,55.564464902064636,56.43068176879766,0
33.157708726742854,28.39372042683773,56.0563940980747,36.15274792407073,71.58511957460082,52.97215350978646,84.614255684627,42.18112081533862,1
74.02120816017992,42.98933131056329,84.58078411161608,82.38114859974415,48.99827032241396,41.066248314419525,72.59964031799804,65.82317788375579,1
29.180198688744785,33.99265619800867,18.588981580080443,80.95395020017108,71.18806852736257,74.41323029010681,80.45832248175743,37.77970848154882,0
54.713262043067196,63.4992956762315,29.183759850212596,27.162405882877877,71.47223694323773,55.6876964914506,63.218888518495106,51.73827899597698,0
79.19990859328205,68.77746560004726,62.286352052639664,62.736572859633085,42.316007845008976,20.465426765435154,52.93739113858899,66.29437474862178,0
35.16677382556234,50.682291497970894,86.27224586145329,36.71515886922726,22.66421933512528,40.510711361759725,41.48750062133469,49.30227239510254,1
70.95332117815161,62.562572187302266,80.71185672851308,71.145083226191,50.510948915205645,83.12163077328277,31.357833592616313,68.42345163024603,1
19.81696585070884,25.20382886205134,75.78874804771603,54.95017842011099,30.901742322688143,58.08358200826908,30.184968217053473,37.10066842121022,0
73.70563000621888,53.69250204592245,48.4816980877186,42.12096713183012,68.42260744951108,46.945008844271236,25.011993545288078,58.04146447974597,1
27.440472169641225,94.95181316396116,90.68645525660857,73.97657070485997,39.269596916761564,95.53411018781792,80.30007231726357,65.93342710802158,1
75.35121513271964,53.94892017150309,39.77932494761272,25.711276972279943,90.20819172350733,54.462103186688886,34.18906918361843,58.044552382154926,0
42.4765299320522,64.33756551535168,32.14182263513854,86.52914272739004,78.68156238681681,75.55703647607494,52.5674431820083,52.0463006206984,0
68.18470725619545,64.72783751301884,69.9877281243856,24.755545691191127,51.26459217364877,21.3291339089514,57.519265539561516,61.78757940846788,0
44.388896986622825,29.561935109283752,26.27223741780413,65.01156577421696,31.647437482950888,92.00960947014377,64.4848911760316,40.83872040136691,0
45.74958436278696,65.27323931851333,19.824309682375798,94.68473705931562,56.58427495543202,80.6188181800229,24.618399993795087,49.12083780250721,1
56.932666467052826,57.25655954836167,93.02611639799863,63.73824419008603,55.8791520845563,39.35805304735149,44.52551978740418,63.02084488562854,1
59.65379219772302,53.11291682440373,19.728966390426436,84.10335393554863,89.69286174718134,29.21992711988886,62.32289148312395,51.36980146767642,0
26.686059290835484,71.77920744318493,40.498702707120664,70.75381077535215,76.1595691429506,79.49179935341256,26.619275676471723,48.03588590142214,0
91.28094761100863,36.417119271590465,20.993004494094382,62.38819755131867,47.6737827089951,84.38317945059305,82.66011776514415,59.106476254372055,1
43.371111425817226,94.2319516055796,41.27342705120949,59.20457033853717,38.47720724540822,92.88348560391707,31.168625406561453,58.07925674039402,1
21.59284955138632,52.807764800243035,97.39004512446697,89.33418130039311,77.88864155655594,89.263399270282,89.47573117582905,57.53554523309238,1
59.50866883091592,43.27432414646344,79.76099456887904,70.93290105342089,47.892618309896804,25.55733344492122,77.74316890792208,58.70511512702029,1
38.996841273829176,92.94505204270234,37.27764600045478,27.820634592918882,84.4890137699925,30.26274532995952,32.34146465261912,53.08637957388126,0
65.95062332166748,87.96496326699716,33.71477325716586,42.82589383200758,80.1923870592942,95.74611408487739,58.05929489618738,65.65809812438441,0
29.511800204100062,19.114903016656122,36.37248239990842,28.54577742292168,72.2126938890286,27.74660037028249,58.50639452965064,31.732925616174903,0
73.54099485143092,64.4893287376722,33.98205213280461,82.32996209458102,75.23257036926412,77.11872031324334,28.48462012458506,61.816384454063474,1
27.90030429202757,92.20500408052061,49.80625550599525,42.07589534247518,57.08672362812267,71.0291370210866,94.4498605637576,56.009689451310955,0
40.9156981505644,91.98467434496217,19.988759310900505,62.41584338614597,68.71800893448682,26.471792300060265,29.22716776511301,50.656055420408485,0
51.5291455453043,95.29855297145454,65.68340425874982,92.6418577280169,82.34887324903767,55.39052812442332,80.78107594017499,70.55463678755275,1
19.42694271815902,26.731519741258793,84.35428919061891,81.74536706601293,36.611259357314694,60.46156724792428,66.48126565600087,42.61814069115678,1
87.4191163020809,66.24857258709805,51.00572554189443,47.93472347257462,52.07056690988079,70.15448204639793,87.39925054018599,70.23793010933367,1
54.31175056610398,37.82716503610865,36.93298903980649,77.68114241947572,83.32550107391283,26.422246388329995,23.32470855641425,46.3901816870315,0
65.55469310051615,29.69385953541586,83.9731352365073,42.826773913925955,29.50975463769141,91.67763779899602,31.242537818822253,56.92506972480786,1
40.777606587034846,30.28907161536469,27.2392050932284,19.6918413069152,22.43163273314081,31.971317674868217,22.27055461017403,32.11053854420396,0
65.2915052888777,72.45716214396052,49.49043654656226,43.43928775616395,58.36209896177841,88.00039537876869,86.09053014577648,64.65902030853415,1
21.478004961023355,32.51987276772193,36.93958968835168,37.951006066576944,63.69861213942182,51.300994056255384,21.94032959420752,31.779734958782075,0
47.88913107676573,59.90023589741098,26.133752232297276,84.67668430308478,22.15694931720834,91.98734952144497,25.929051326390038,48.20050702108661,0
85.48599612782021,90.21225151420937,96.36565444692741,82.16207042188748,80.35820326170631,69.39866207964381,80.31970836625032,87.35822461914931,1
28.764176673051765,60.88544287581098,59.13782961523316,86.6057715298046,55.02394924748127,48.80715968802828,69.1650616989688,50.09648558578164,0
39.31706540006768,29.181472876316548,56.230181921899664,51.3511494875908,36.605595242309896,47.400944809210245,47.3113959860998,41.435831769743295,1
44.19964515300364,48.35712637815432,72.85946763647563,41.75011796570283,93.90863413722724,91.30784156305424,56.47283426400629,56.30302232188451,1
44.268896400375105,60.83478318640025,85.88483910188997,70.20698724480816,82.35134623576619,60.617782085259215,68.63341034140966,61.97025365247151,1
41.05244913459694,76.79145298482327,34.19236745005747,73.58385030547986,86.85752546607152,28.568226984123513,67.15037924335358,53.21269303327767,0
25.60765985839477,76.05725026171416,24.75945750588162,92.87518581605008,28.992634403024173,94.71041967272643,82.07073408680773,47.86133371597346,0
65.49456035730833,80.60992837036375,81.60918711864687,93.68216502538642,38.270668307134976,65.20607162866473,25.603935805152098,70.53555767969515,1
67.2932560019297,31.703304327423105,63.19604891779535,63.79444112270798,55.27881223849819,59.81054204104982,79.11387120052703,57.0175587962294,1
81.93957732096533,57.37225724603433,65.96747532180899,92.49889885520815,27.578687080089825,27.36828527200884,25.016720952861473,64.83854104621666,1
70.62906280324222,51.48866406323036,79.94571329134746,71.6985130646874,44.69102066625905,89.86932378892286,79.00257176565219,67.84455211948793,1
39.642795272814055,47.13536142176432,43.15519841634103,30.608931889999972,29.822669803375334,92.89019707005953,53.03232297590026,44.607564471160956,0
48.66558582219279,76.37485669419024,62.23944522023199,92.89119894707697,80.42411951275137,56.349565129963224,48.10875787846609,62.46324032877432,1
96.93052359394576,75.42081888029148,94.0955728003073,27.47828617736331,86.04269433526261,68.9659107192966,27.753734266809005,82.11203381295192,1
65.06063999753766,72.88770920843591,18.984214871088227,54.34543694733972,84.0319608957057,41.62872202752719,54.68384654388409,56.524492596187635,0
53.385130165431455,42.15419131539933,91.47535164124434,80.50352283452128,26.847072879688838,97.76277262700584,88.33600194461962,62.19088222929149,1
40.71267502912312,84.95172637287506,26.513562549710628,97.92837843793909,71.25477888852295,70.01000124470376,25.23525815873062,54.0115011998488,0
89.76267191173002,20.319960256357554,37.26624464329176,29.4417500133308,80.14143525537749,33.85633817703183,90.85105817047082,55.66470324266379,1
70.50152314619922,20.893016839575697,18.434386730296037,22.132633361151914,66.47401421181821,82.11854486875322,37.08422565019108,43.97613556171858,0
85.95270743384583,22.57855521226083,82.0771082913341,92.22363441378243,79.76867192835044,73.84966271829097,85.03841749243065,68.68752739082079,1
21.212103963765315,34.14256885752443,27.993894344451448,58.362479215438924,77.61505026630756,68.4009475661119,86.0904879809548,36.08210572202992,0
30.41703939528727,76.76968735481293,33.44331926951233,39.66070010542402,74.79237578250431,96.41638279189455,66.92348847816557,50.416696838855664,0
22.36002519930365,67.30471759420263,21.38804412641337,88.73165690934538,74.76626280804966,31.85022771380026,25.337680465935847,39.96408843844616,0
32.682658310425516,96.4021743643354,54.684851396679186,80.72647586731264,68.91266736862215,63.79305199669099,29.610420373203976,58.62857505936011,0
93.68195628464761,42.107410601177435,64.24137726460337,73.98207556712529,69.9386524196247,93.24755277564148,29.87511919360464,69.51598280064151,1
58.66821907575537,50.32275125926128,55.93349835860945,27.53740209581957,28.727568789821227,40.24604366250059,42.3763683008665,51.24563330550198,1
52.232257094508,66.87900376293027,68.77032939346104,50.94487172684562,50.702648754295765,35.41028213575696,65.06449987272066,58.861221926983525,0
43.363272905379034,20.884786742189096,51.47200353254883,55.93061400721363,36.04742945633688,63.79663464976925,63.26175203455367,41.644564416333374,0
74.16017448882971,69.8358785760968,70.19464452168253,43.29713214592345,80.99457775887632,61.93155068797435,52.513455614391205,69.39079542980937,1
68.08099847528456,46.852586756020344,59.01913956854066,76.93645507857762,88.91223093789662,91.68457578361533,58.290634014647935,63.13651885979969,1
59.622009179245524,81.98963286110691,43.1560553395361,84.99058898760549,57.531331721393876,27.26853794682147,23.764731765835496,59.6740820170027,0
85.35945688315705,22.445433352550232,40.44891489069247,44.730403240123664,31.839555615327505,43.11146958415914,77.41540533800685,53.43179291426188,1
19.17462748480566,84.17387396165492,86.52384188596466,47.78092585532386,30.289031924850782,66.06723263560647,27.573804469191547,53.64490623153727,0
47.1935488862602,94.67433447207779,97.63715780669096,79.76839130836684,42.8769207936613,73.0132039332874,74.43250923872102,73.21830855325054,1
49.02733561309198,69.27109076689275,18.858211598054098,34.72461268817932,60.007064237380895,31.10010434066367,31.27254943012269,46.104199010733524,0
84.90434324401903,97.13064021468844,62.47755424227587,85.12557847053708,97.2257331461018,29.327671085501976,53.85964906034809,79.77162262565841,1
49.40581726735359,24.4039426916948,78.42641382357957,52.70232218580744,55.5461547352321,30.053837905059215,32.474132178469446,47.61712683144179,0
90.5682897724972,21.57192711794231,36.6281827954965,41.36474642516227,57.215803392126915,64.91561384118367,57.46319806805333,55.46548784528521,1
24.72922676455056,37.49339632445708,85.4870707810033,69.00709603827673,69.93192401074195,71.6162604281084,79.03224152316233,49.60536870492209,1
22.64867853771579,47.32867079460899,61.162194820934296,45.07651866378608,85.55830986297492,56.605800686983514,79.49020715675033,45.32818596956438,0
86.16124135049353,58.383318632279845,90.76417950970799,64.96991524295845,86.02194390669774,45.247263647321944,57.905356682518814,75.61232400665914,1
60.51288328036622,26.398377271685646,49.88420053612325,91.38701380413409,68.46657922917939,32.200526594957395,45.1084508487684,49.614072097126204,0
33.328240773015985,19.985850543885803,92.19683668032214,53.85658626054972,42.602805793662895,65.87817532461892,18.58515650344125,44.14685043670511,0
40.24176852806511,74.2426772559114,68.70158184554103,96.54447580340283,67.62861677264353,56.20046989021862,78.91460505472061,61.35001304395813,1
90.26622975712425,75.65567573746813,95.05689788395037,80.56041365905418,87.34411506095412,27.128325694690975,76.59308023950302,83.09977565886071,1
53.20709596218949,62.24830419290202,70.32819275858854,95.58520933644556,96.76624651452997,41.05825963903242,76.7002797950333,63.755697950961604,1
77.99868303482148,45.719428905043905,27.90958198913768,21.27575682285758,80.18745020233428,57.175979345352474,96.84321355959409,57.08543268278295,1
55.197876495492245,96.23335832590722,50.92608017552479,81.4945720447978,24.785541784946567,62.43693681102111,82.16478295885794,66.10690406998522,1
91.9761333775911,83.80664724939453,20.957658176093936,47.81618730453874,21.8958777851081,26.742583289164642,72.02445029339873,65.75879506333482,1
75.06065570493585,79.89765462013011,87.23652384445303,77.1545174781208,82.06972736853056,21.91709678586234,36.76281203530389,74.58815560404156,1
67.75182187001965,86.65002436998586,18.36000999517273,59.17034736930798,72.18299194915178,20.368583130289057,50.108444604271035,59.13916409868888,1
89.65079051069574,71.7290247084687,37.012669068847785,86.22249037055302,45.842513872761145,86.26757369152476,41.91549208951244,69.72497017084781,1
65.22562007065193,49.75520541982672,39.986004060405364,88.92460497374954,33.007494555159305,24.78492729886105,45.35415508365283,52.868528287337064,1
75.4111318113254,82.59452847810253,97.89946960534118,41.70896456089319,50.635356090502576,28.945702242370103,63.989754369842686,75.88641103773818,1
97.80640298103337,74.07048080965268,65.61702723306973,49.389527433743524,91.22390082284439,57.75332769042795,28.74935306504492,77.22907214299184,1
47.23027705593068,23.37333350782135,34.158323015102525,19.413502479992978,54.262393320013075,68.76322119614377,45.46339699031262,38.600720648874706,0
51.63054172042217,94.73674182756608,78.15704972599323,61.2685309555961,40.76327000894602,89.75974390183961,36.80776935045276,68.81625071507966,1
44.02741844133416,90.72518515383588,60.36336442280579,77.38543595343813,65.25958353310129,70.2751367207596,41.95066332118604,62.90710660391134,0
37.309764930133035,43.79938777349322,30.435325126673796,87.9451492232646,40.65975466000913,62.91915155315077,81.35795401130993,43.73943016664135,0
80.70592875005708,53.07090068673543,56.10058468693805,97.57613991480198,71.96779815832193,83.17107544943062,90.20431753753856,69.8808837245961,1
81.00718689834713,32.81434759628541,62.973658699005775,26.15153258516359,70.23377012511988,94.42795425502487,59.0185651440089,61.64242515875986,1
52.63779942942138,20.867420113453054,94.78196178633763,26.240214730412703,21.286327464387753,37.68532892039508,23.242434713470594,48.01919247736158,1
54.409427392940984,59.28702410056899,43.005595922286716,22.076838605990886,26.928029459938138,48.760350239194246,22.842276066122892,48.49654951569125,0
73.85517804879308,34.56164332198496,42.16572550269108,49.5300621742478,51.32877064553183,18.132856613984043,26.965629679895805,50.220734203795004,0
87.02116509927025,18.09864500095265,58.653388465030005,57.160160520576646,44.647532880851024,52.50616161171597,80.44649100212675,58.45076402875227,1
85.29629649719652,38.827883473220005,43.79923527741839,37.39862824226662,56.38907204408521,72.66066861270504,36.26023003707364,58.45595164461399,0
44.45885936438933,92.43076940713203,21.885543187756646,54.861568419165295,74.92464332774222,30.036320924597923,21.789921600438547,52.126024480467805,0
29.05642973108246,91.50585548245463,18.740782545689875,33.065757984908146,20.502681032131562,26.85035740497626,67.6119429302637,44.195907753244484,0
37.33111269912686,63.536964034454144,65.21563062129009,85.95482664718233,18.379311432949912,86.26955674738934,67.52952691415791,54.89991766464993,1
31.019478888396605,79.83499105082272,86.43932334324685,38.34107870033259,91.50349447221447,54.35659442389262,66.27395634666573,60.62718623944914,0
96.7719626894115,46.922886291135946,83.05274766560903,43.47192942627677,81.93708177931927,66.0587135090114,35.30845561803211,73.55026706383178,1
51.122087503138914,43.410850749084936,24.24867144642911,20.3867816079758,45.71829243257447,19.522731825398928,31.239020606542002,39.43851892628024,0
76.01466566806951,74.64729885468702,77.08643091659061,43.3722536903983,89.20155656941564,65.50644384227581,28.082107339730122,71.99236195290521,1
29.49749291644273,73.44763415437612,31.835514915366247,58.58341612656346,97.34195807429685,18.32060837866716,19.326384151804554,44.73175237898884,0
97.44676655444053,64.77110673073324,28.15279804148105,89.78417598032749,88.43042401021538,60.89603304891002,67.74336238886053,71.27240435644939,1
39.85497532007011,22.041575709760412,65.56540871126916,41.58041545622104,71.08968373282815,84.8996141474081,19.452843513149126,43.42384487419879,0
65.6571019748582,36.50244317494818,87.91107983230411,38.29316052494628,66.86161065883346,62.28326720716892,49.69332000473992,60.544380371182655,0
72.20966108798353,76.0615707772347,63.35502362555094,78.67377897478033,96.67336607943501,51.54179103206441,59.16664415084247,71.26255781206922,1
18.99759023529706,81.68228450483028,59.61840536367951,50.636914428845216,25.525757047151664,89.17251373403178,49.600579203244514,49.74019700196111,0
72.60652785673763,29.94993250945206,94.9239703632826,32.27534094574647,33.96335943195923,86.7186288446171,91.00661953135449,64.08275938756157,1
34.97179260186411,55.584071053986236,76.6795923650264,88.26925870486413,48.32421560298442,59.361558947954336,77.3373128415788,55.13668095202336,1
76.49087813222363,80.6368104020868,63.59470549132211,26.369207744382017,90.31786327024321,87.24580314568226,81.84779486546664,73.9389844963531,0
25.98899817285836,34.35178936651434,77.48802920861215,19.851207566555715,96.33797069658237,48.171574428454456,75.54500269526588,45.176990313194366,0
89.00568707904347,49.570391052006585,43.530599087973286,66.69929031185974,64.47914989984406,50.73119820998377,66.14198046941668,64.65328900281672,1
92.83050956531957,55.41122053012772,33.739374460050506,48.17647863064031,49.52855860744949,28.488695442097587,31.029720044364392,60.95253100863148,1
72.76496587149418,45.15822033671222,94.3918713484646,37.487739628688594,25.913960408385783,78.28036504002063,88.48288415342961,67.14391487042018,1
40.24906854971903,34.16704813163824,32.861290789686976,59.76098410932099,55.47333129974167,38.75518718836274,21.61384935915411,37.98136178107759,0
56.519307226102455,94.74658781084867,70.20153606021306,57.640524530289476,26.855365922369288,38.19490324396698,41.58191596596342,65.7223471770201,0
79.18428420857875,88.13686378116955,90.13134828531507,96.76548866006033,96.5893346483626,94.23993062143852,23.745771240230752,83.34201133386257,1
29.023482874224413,42.357322118082635,62.231860325156916,25.758231096438344,85.6637566241714,67.34049432618473,61.389152184176396,45.20150331207913,0
31.224905869383292,38.26043795201579,30.824961998580644,86.15465262358389,64.73822880489746,76.81035420157068,41.682629032802055,40.12811217514694,1
47.700210967062176,50.3883971541227,78.80119773952279,79.78823901396544,34.54508220112254,93.32310853904792,27.652426995494913,56.81785551238854,1
89.68976659389043,26.031651651984745,39.16318489210489,85.71828288543657,32.359365787687,51.08543450479759,53.9887439955301,56.88955955795137,1
37.620717841856774,74.81961610687893,86.1067719521763,87.96601118844575,45.14577165892487,60.468031543025155,37.872512309252116,60.66612599678726,1
37.583720124011634,30.90032502815393,93.20152086460118,89.03910628844639,80.18869706621538,59.41292170301832,57.24863324094975,53.81415538829428,1
60.379653294599834,60.92544108616714,52.76504677581523,28.540386631365397,28.05310822948288,94.17997726765466,56.562460766908046,57.284044924585324,1
94.25644199241512,31.086150216808797,62.353324163194685,34.61738026812314,38.25476849012812,20.404366300894303,27.516264859216903,59.27159608010455,1
91.34787261033566,43.72263931858654,66.65033695316733,55.20113055914184,50.03609961962226,60.55088730768545,32.97911556922732,66.17084428668142,0
97.08831188156613,83.46462949630904,77.32917061852123,55.5007437611162,30.230169770106876,91.65326866188542,45.310965390538215,81.44765803551199,1
22.0085351757547,45.3922941448503,81.55656243967076,67.81669959905665,78.06708677958878,81.49083070899019,34.95636888644341,48.47892263436483,1
91.90266528745441,53.03916823362981,69.12109194113316,18.18470180693936,97.46947987289424,40.47171087713241,22.965048523212417,68.20449035125205,1
54.66096332292112,28.32240457456334,30.18613681260606,68.58262504241682,49.43419132561866,91.7481960123996,43.532519568645604,44.914042266638475,0
76.09441027071209,54.88795441239261,70.79610409034231,65.97562853727923,55.82271782071986,94.00488756995497,45.41709142039647,67.57526928333337,1
32.17884009994181,72.24752487038626,85.6806049046327,21.220299195193903,53.97061507381444,89.3990151749861,77.9694895138294,58.588567181393934,0
97.34461731981025,60.5131049277795,70.7996575040921,42.19842249103425,93.80284797327938,47.306839084522906,77.08085701493029,76.37827212288522,1
50.25121632952656,62.945514405039944,75.5826028017237,58.71473214010834,90.56690615276068,51.54407903422482,69.76574385146601,61.97039793586701,0
45.38899466400433,50.652533458481045,53.20400865868419,28.06456146498282,25.337894324720537,71.39919385174063,70.44141906744417,48.95223666420302,0
71.03277713680762,19.581315627415336,44.12374741374239,33.824787780735754,80.25211380352098,86.85043211169041,37.734430178091785,50.51463858118693,0
71.4279327078389,28.349024276661957,40.01220204813707,29.09235969867356,40.681661327938336,71.97892378794224,90.8261528148202,51.71842780800523,0
34.20179263393488,61.36632279605753,74.11128809947459,94.23379747884526,66.8048386309739,38.40855448219045,68.0382525531149,55.50873789804274,1
43.6392929342413,96.09027125533662,49.97409081309095,72.83421766088114,19.85820658774068,50.00491569078043,88.00860906580093,60.82643595369696,0
66.81819555465967,53.51543091167811,92.87499995485807,86.31875009177833,43.77725390583506,61.56387216330717,57.18594048739702,67.7825169954379,1
68.576200009189,44.72890135670045,37.53640006127106,91.01374682044289,91.90995995988051,85.46583086095832,96.2563544611649,60.92346995976781,1
77.59932206237508,79.17337828495997,79.00720735701125,56.44861047538452,54.516175561141736,37.21810209192025,69.58553554874324,73.642969948333,1
41.145610888186766,38.624672776188355,64.87690992768438,50.79859105800345,35.508528703570576,83.28448134022649,86.84559354355008,49.85437372271686,0
31.41596157422248,18.60056262399999,44.8903974823499,81.8008668544602,85.13390929874595,29.066325609283936,79.94687209464409,38.42120539630455,0
27.256333384754356,49.20500721252234,97.88876120095327,33.40726585847278,30.317086606210115,51.82402660374348,67.57348207758892,50.574813785286025,1
92.63206259306025,96.46569164264274,23.57125092731157,29.039801387832426,81.25903791167951,39.650572181668835,88.78792476050884,73.18876181577856,1
71.07626057832694,26.947584190454172,84.60234279392057,32.10851040064607,51.879631574372304,62.1747942847464,58.061291926422264,58.745267218121434,1
72.89303324921204,70.21493878954041,97.36336044224439,97.95375273793502,59.31675221085128,25.615926956869117,76.22746391749746,75.49466321421583,1
96.13312625732713,43.466111010321626,54.89671086700591,51.98215398523647,22.11353236455435,71.78115449787558,46.267015605477425,65.09965693870328,1
80.99710997052017,84.56960602255889,83.69846292782763,51.33327984319041,43.723654579271965,77.90566237336438,82.11115470741784,78.98477015604955,1
57.30059571130929,89.44248156290425,29.512695686284662,88.32550237271681,25.687618637750504,30.28204176436911,60.70720106191683,58.5684862187789,0
23.4014784149932,22.22456811200883,18.04149953325644,52.905332775541055,79.96991050337839,20.787068022393253,70.18060851726844,28.547105370830174,0
83.85018539329492,31.44006788622969,29.74909878571234,86.86407788964289,83.84996879600757,61.11534130113495,83.53599034351842,58.92567053286831,1
25.420486193959583,49.55852143510035,77.02380448850982,38.59615674591707,78.18631315468423,58.33428835126511,78.02127903585864,49.34846328874916,0
55.174371028586364,47.43234721774541,35.53513731829059,34.670347314801205,78.11926484571168,27.51282784271684,24.87858800887561,46.53519552870497,0
32.103309201770415,32.027720916313754,83.84860982455199,49.88052987793699,97.23107658883859,28.97690062324899,70.28318605549147,48.33139507188428,0
53.898360576100046,49.43345413576591,88.00673592432659,96.04765166627197,87.8287167019343,33.38405432281064,35.663833696714725,61.4703497398284,1
70.48591032760507,41.126686531055334,76.77801046244639,63.313652064771574,62.07270147923224,84.28375398710287,74.84262173941423,64.53297880344093,1
20.126221199783338,21.956730971681253,66.12467619648126,56.89536604978204,38.81477242743931,51.49248698518413,78.63282549862885,37.05006795019245,0
84.12891877263439,62.897845431203535,48.82955846856824,39.65574091960856,59.75347766154027,43.17996948515048,63.12761096377783,65.22133457344043,1
72.13219060077101,23.286336873551587,18.08539720181978,34.98217110725943,89.56091981750248,69.70326105828474,31.75682815496183,45.98508937592213,1
89.2211169458895,55.5964752229872,56.08734053429285,92.84335550741241,22.758935374667203,35.214261970297486,64.8617060123778,67.12789078690443,1
33.638920766560325,72.36216073671662,35.12738314693762,25.93255764790515,34.55881277126718,51.81872274176498,32.09106393384639,44.109696936601985,0
28.775361993867783,86.82255089751527,43.631776287784625,46.860694921460286,22.421632760098213,46.58956988016433,39.184574185726376,48.256193267161926,0
66.83880538734309,34.431223813792535,89.06923624502724,92.37332967356441,25.986484574143216,26.592236503086177,27.226115048879038,58.42414337800731,1
67.56554050482495,27.75751713676983,86.19058543442131,78.3417211950314,83.58470865904192,60.08484215088167,97.73417692153228,63.81270799408981,1
21.5340082355329,50.10119713488907,43.914933515010894,93.89163989701129,64.14887667980743,82.49527723557802,31.627295492681508,42.453343334414875,1
96.29073151203511,57.891163750105214,57.493766101651666,95.67077828365902,48.458588897371605,49.80200196439944,64.78021622439493,72.60887945556019,1
28.244208843822953,43.68685011294839,33.45666579561044,26.262678328563968,87.29156850648161,65.14649329019808,46.693823322232895,38.76824695507105,0
50.693550189337024,52.52152029498837,68.65193457157676,92.14155131911946,92.6223695725586,49.31935836245307,44.340996767821565,58.52472335542804,1
54.0837200148204,63.4347384342794,54.945432915979865,70.70027278533607,62.35192187038109,43.65724373552609,45.65846446101061,56.89546833956567,0
48.287423004778475,25.571181459951095,31.28501059311785,75.8491041716309,49.1277369217664,35.16311780481149,63.01379284598858,40.70808312249368,0
78.44316339787417,38.593788987629715,84.14319055389956,92.20038877000397,65.79156232590725,71.51581271932636,22.20607922584443,66.5178846989974,1
93.64159128175251,49.3987787411955,91.91203204363438,64.31820198001941,18.36950390746621,21.083359945874857,72.43350445359376,72.31688655698684,1
63.01344110655465,20.12259497648595,77.47679689779082,86.17162696553454,57.71339859514466,55.2605952285804,18.437848706770197,53.45988598577527,1
80.93197699948794,44.45728533968843,88.30108958260317,47.844847004644244,63.206232850456445,39.6273430559462,30.847065006793493,66.17700559715553,1
79.99263227050623,57.72723830770253,60.91903390018006,95.23327627853884,95.08639297777229,86.45136973619228,33.00874342120269,70.10202677232414,1
65.5418155441264,88.251793972443,47.957114915915014,26.088493274846797,82.87703217919375,56.541084108973735,63.151414428734284,66.02690811632542,0
96.57154370542756,66.57691443952577,51.99835085328811,47.59874942777582,51.40954341232365,27.4719266542935,81.58004467340575,71.24695228582866,1
85.01734865496329,40.751770765872706,42.303729472795524,87.94674050678506,19.917628442236435,59.63659550137822,55.09405717452008,59.53451169651042,1
73.21014156627677,31.071336011956358,71.46645926361231,48.13872062999012,67.49718225357137,21.207600789822074,54.93817577476075,57.27375937631564,0
59.78007151858977,35.14611222839893,29.169892334329656,33.07794424098411,45.53128624506785,25.744811944397718,93.78558365836835,45.45051285991298,0
50.39952491966538,82.71756820053992,95.95336984870774,24.458822400219127,70.13355743479951,87.71272693929711,68.73875471733827,70.06209281634212,1
52.32208970859301,52.486108611035064,20.871910880588715,60.76806010314203,97.4834397429478,94.69660207775473,21.231938307373056,49.317642738444945,0
74.46376029035906,42.14118933575446,90.23913227249093,21.609179656742285,92.86992816088645,84.99805950302215,27.40035058020812,65.98931578510542,1
22.785946985383937,84.77661314615487,30.46061367796635,60.79185223806964,91.25958863029676,63.39584908394587,49.778664117825926,48.52265517052328,0
53.60128438831938,23.049373656309683,95.5001857089279,42.852334806486624,33.149079333828304,40.88378414723162,95.14985559131831,54.224582785718034,1
25.54288427904056,87.3842432400945,74.62751155211582,84.40153433272225,96.07180322943171,85.37237244134975,93.47058810222823,63.677387523397584,1
28.15482054327358,81.6630852133576,61.65405552648382,61.47964760638885,89.91372610564109,95.7443054917369,74.38706584345448,58.67700685114299,1
56.635071157742715,54.51230863214763,48.907316577854544,46.92792236581301,49.32054733475451,25.180258820095624,24.19488682083506,50.51299614589267,0
80.38958750978495,53.68583143361809,92.45475908356964,66.9776806875162,20.81407857475358,30.601867305398358,34.46558344104061,67.69172580397861,1
96.05888195117285,35.49633809213079,59.260454103044104,92.89415453121569,96.17541839314859,36.90883483068357,21.929411500003212,66.74217498930457,1
30.288146603020678,23.066278296204647,33.60993928738691,63.48557717629883,90.99590370365135,60.9775106955472,68.07916453592645,37.26631654815698,0
34.14938012876329,82.046689653908,67.42311268044665,87.13094633541799,93.90744856046273,45.832062060527385,25.246324682835148,58.55441707659564,0
36.0743166333426,53.02732525406698,93.65549214595787,48.26478578987322,79.6618570932296,61.2381353736604,32.62470163447812,55.70341455894029,0
43.658729516276125,70.2553508018255,71.82827157479147,52.780779744723695,36.29164821296917,75.75254236101411,31.50984332901718,57.02678802849752,1
92.93357534921013,33.03228632291814,26.584989026601633,57.811816189230306,59.56396784877552,58.655433182259586,52.93339914710716,57.55005157664203,1
97.58519142636867,56.902449013646546,56.23572645918648,51.741285017164905,23.34606037611703,65.43653049196928,36.23742177785459,68.46563942763325,1
69.008718418324,22.066676955878172,96.51096810024013,55.52040632101377,89.74042972725587,56.04489385863478,22.82646548593774,60.17852407507308,1
83.77708368750456,69.85469837337075,80.54056380591561,52.253589080709865,69.0349395397316,86.4983203037286,68.485235429751,76.70737086284846,1
45.813890786872264,71.002367549296,71.74833508912539,94.84695700053,47.67298572333354,52.00654140113049,82.96983689496473,62.009936731552315,1
58.460985179419296,76.92584744925864,54.77675715628737,35.23961134501604,77.61630742248087,28.492413534776794,33.88669308250465,59.40990937560781,0
68.1459986227367,77.78158401536558,89.5750309494252,39.806919793271334,26.857940688044348,94.48373276181033,30.353847041771395,70.78662372592915,1
33.81335858037116,41.30635628467726,60.351308322102994,88.62604528272624,78.84368181838936,74.65260430741081,32.01444542848029,47.93836508057015,1
46.61461052207794,56.272394086934234,29.794076278846866,39.8743761701338,42.66665631622754,28.182095866323138,62.01917535266061,44.97914264549746,0
74.40225572193543,23.594530518148897,56.48984814105198,80.5768956214236,77.83921031619575,83.20584769750033,53.85925065364856,58.011451974863434,1
83.64456661118885,37.260245697141556,46.86484491340123,32.10844611342411,55.398763154285746,49.36480179323546,37.274169313144974,56.67093773958624,1
78.14245673846253,43.107741768931724,39.82434641166686,28.471226468039603,53.1057361441559,42.23717030698416,47.54182730727749,54.65946259435105,0
36.87978100964421,79.05243918559204,92.40026778837739,57.834548223111014,69.43987386726661,87.37378212853648,97.90637098669269,66.77881546772929,1
67.08131877838656,89.18235732318949,90.68865972445136,81.31611902460978,54.87451128584882,24.492320033911945,19.264444435210706,72.909152587102,1
56.17605066263397,57.545162682769416,50.588991029037786,63.453388103309166,62.17301626435417,84.92904328261544,26.69256826098099,56.02810740398479,1
36.014213288443635,81.44039831677043,85.82694937789236,97.58593708966943,87.83296131096674,89.19192056578649,43.14783541039239,66.0183968245671,1
50.13293072075011,39.44680838564408,66.50395185541726,93.10442833656307,45.57127092092942,62.56014255051602,41.70397043627881,52.85600883197137,1
31.583997901816602,33.61484238549245,22.635627563050395,93.94348184074059,50.23036868061037,84.72967136016865,72.50635781517529,39.05572935945375,0
33.35369291288683,32.036979726327026,82.95905612084358,39.17693684956299,91.06281469615806,29.20443237515925,72.21668915635756,47.85789232912276,0
83.15791008247471,36.8205110732516,40.096589076525284,95.16151089113613,39.16780842769266,52.39656399200382,52.601247459389285,58.2960706509952,1
38.242779994374686,80.06328691496724,79.74794745833242,48.265441137902855,84.8100632864587,35.04599475192019,18.34446205341429,58.673682279924236,1
63.69338896445928,97.52622179619028,21.09154478615077,34.639845896676846,59.51317139896673,82.79525891558966,25.12336040600426,60.99613237470035,0
49.61877230071155,77.76606405039091,47.723456672508924,33.10691363805112,33.63966619172699,50.80390295319954,56.35336598447129,55.047970090721,0
86.94515342528112,69.38019348543949,73.23215636124011,96.63897372287256,50.9474752240779,50.26835225993027,91.86775741806498,76.90841127370356,1
37.67004696040469,76.38521970422933,78.36585105745077,25.823039795635445,55.45851245548672,34.04499770572432,32.83002182419885,55.36182016274139,0
55.106248837030094,41.15437660064519,81.68483581006967,90.60839131123859,82.21764842306925,39.28246980973322,39.93075149508867,58.514711457092254,1
38.378268009397395,28.803047684498885,93.5038694482969,50.16382385256555,35.9751579636699,85.73368404065948,49.93562421262324,50.4243441175491,1
20.809344888773325,30.955325619970495,69.14002722849361,80.63242193373792,34.87475107909704,91.39164714129137,86.07976960417315,43.499037049676986,1
85.87046032488648,36.21289174393713,22.04287909200462,87.3938831586067,42.46401829908539,67.51331049388207,78.7973506960584,57.3248880004771,1
28.263460680889615,80.46706836152384,93.08091671688527,76.26999725971272,53.29781987844465,88.13425110013623,60.19661040580472,62.5200956042743,1
77.58167422534032,83.64047550868833,77.94822893592047,41.028390083852315,27.427512072466484,37.06708234896481,58.22999495842826,71.84099961641088,1
58.42215378344767,64.61154794516301,49.60814700383127,80.95131051600222,91.05230002777662,37.7380042783577,76.92185741615104,60.85544382317808,0
72.23774820360357,59.8472399423452,33.08241870993282,81.61858068661675,94.85010285030661,75.74690657868908,91.42879973005873,64.04372509111766,1
96.73482119583998,46.16405393913905,69.05788423410695,55.91461901104624,96.9302997490584,25.504625920617993,50.989993143777966,70.67675464137518,1
88.04312356217889,40.724104842121235,81.02342805110982,48.62265302242046,96.39828319121266,88.68238691389661,42.10562861300923,70.99125265454182,1
79.61544908302841,44.948523506661495,66.50902721724282,70.67846147146335,84.3676327268564,19.956067270561192,35.61263129218398,62.93508313722713,1
74.9534248470863,63.081858957562986,57.64840625609145,22.416796536638437,45.862070676916495,87.20801855285187,20.471426962882575,62.331760323553716,1
49.71489882918497,93.6118630136618,22.07045876360117,77.97646008357094,38.60900929456292,87.3287065722938,77.68543831674921,59.29725280970926,1
88.85641366866903,35.27398323450128,60.5034203854884,80.34159548598406,37.65597943959848,36.45970442137735,20.174570679806802,60.750517171095495,1
94.68122351803619,74.80135040436987,68.84482832081478,77.51957781559926,60.52903349563515,56.09070568723283,53.96257928988167,78.01282631098553,1
69.2351369682913,34.12279803139066,89.04469560118957,82.94018969754121,45.965088916162706,64.28874374500195,29.28218399600117,61.69574688472289,1
95.78769983468784,90.23141501042268,91.75180051993604,44.573043816276126,31.53077659062846,34.94177307730483,25.20011128360719,81.24619403712445,1
27.608850408110747,23.70436273478763,97.18584553638988,23.924614669525887,28.603366476113088,84.18036764725892,64.41921733943545,45.082735740430316,0
79.95337636554659,68.4729606218124,88.57400562631584,69.07740222117926,59.77000743225207,75.01997550090397,53.791420143368754,75.69966327354277,1
45.685105832378774,55.412196196017,31.577128407884853,81.7257383842153,38.85630250687557,30.282523706963797,37.70817934265814,45.586898968949434,0
85.36561214177918,44.41610364781851,72.88398956047202,86.51277045245914,24.21957335400337,79.20195241424344,42.613237310322404,67.18616475022316,1
35.32978913472341,73.11211619623778,90.7837298186587,41.60153669699163,63.50670443074552,41.18672910795932,62.342846858114235,59.23209206463491,0
67.74896245234724,66.82683110321437,67.88370957141967,28.80638337740193,73.48323756693756,71.98002851041787,72.60704977735065,66.33942151001446,1
23.925644219096505,53.74710739313221,50.72281056365838,24.93691869145593,35.789434231744856,53.27701054384294,77.43250478864658,41.52710785048303,0
36.96496615877305,84.37999280999293,61.66386285915708,78.8337348147694,55.80447866694857,57.93553803377787,67.57755115037122,59.37307406319357,0
92.23764865326594,57.3450065130328,60.29260304866328,66.15975708220236,77.00121098381805,23.748026838898745,59.25499508175777,69.98614876596778,1
56.52732713648348,91.73479873900563,57.48052643490729,55.46564277554648,94.97599908277616,54.046117088070524,32.470754425767225,66.06229513811012,0
35.35328982446306,25.615003066957932,18.045450340715554,52.55565288003855,79.53940650385772,76.67731542398687,20.571927024228017,33.85370736505023,0
63.59863228752263,30.34265003307808,93.28610278117579,31.389199971534342,68.13113741579852,44.099068973124545,69.32490607714817,59.14961998701787,0
50.98068771712601,78.77144418451158,36.454330026228625,90.4633482331408,58.01677194506817,78.48745181702823,85.97841531209816,60.4742671177345,1
97.9062888763844,35.91565324751666,40.95139308507639,38.03464693855106,39.029706572782615,64.59557932315019,97.48180185166744,63.39347976993655,1
97.22224696742036,60.14185850898461,69.1221768211739,86.79764349612847,92.6346766762804,34.308850186363514,60.28333831539623,76.58891186378649,1
84.62696437292098,42.25616613076733,53.184723398437335,96.84968812096064,96.80373573766968,90.48854486121454,81.87586758624461,69.1213155582061,1
39.530440057824464,43.668005925375,61.782627296389975,62.862189964960976,58.44022554856536,68.93362239330449,50.66584181063911,49.15427494673381,0
77.93393258524264,44.68399411826843,44.454159755708204,28.17807695134624,33.09697680231354,86.04167031370861,53.70258708643532,57.38967244323386,1
36.229422924226704,78.74728800179099,62.318490065348755,19.692480913863477,43.308916586937215,32.160112889707285,70.46982887862725,53.11238500045361,0
40.00248325042023,23.19574233679549,22.394799135813543,64.53818383669719,19.73787645632717,85.9033690508871,30.43176954058205,34.30932449323333,0
66.52530681563438,53.57504224085966,53.428121698552204,23.74377138880367,82.22018001697725,89.44419878026021,18.881333390738277,58.07771646423636,0
32.28833405576942,90.3123351036383,61.959489024004654,30.003166259856812,34.22323620873271,70.79889953896912,75.98534577974985,56.82143088959523,0
65.95414468639481,94.25187039300206,57.525088292942165,42.02175297140214,56.17863279806372,46.773303493328875,35.9532714139749,67.19828393091561,1
21.677059947211205,46.17699948520993,74.91274781677939,19.475024230015507,53.13428105647478,69.52075211598947,66.83232873394458,44.5618897230035,0
80.13187487109727,82.84157725278381,74.93646567355103,26.223815691579954,56.00179552034885,66.27247659900868,37.64528310475613,73.05101219857487,0
21.40414541174212,35.88722567008375,54.391552138611104,51.11442552436807,32.13335850617293,83.95324341467942,92.05493349893797,40.30436578656082,0
34.10786552421722,92.36583324537773,19.428876734014466,91.99699781655563,94.15430320647263,18.964149041274016,79.04154374213985,53.12283628194546,1
95.61612580558747,90.47217750542227,95.65681289569704,62.02588045581115,24.252491190831062,85.9831358244029,67.10626046472092,87.18343938423888,1
67.17893953506312,51.3802887886949,63.747358121688734,30.28638232688916,77.18160212529202,24.001384588123386,76.38246136350335,59.49976417897396,0
85.91827380998832,55.797494205159055,58.78642928456395,42.97714183376626,95.556686698047,76.64995796476363,47.5190842640276,68.91319877972869,1
31.984590898640405,35.56636737616731,55.113782888804,93.40547202514703,76.73170766087344,35.219499854331985,86.76489067351184,45.71503374701999,0
48.256041840774486,86.1377746202015,37.335967838490475,67.49284895490541,92.13363904650255,38.63152073182353,73.4341272468684,59.475858666024536,0
96.9850095965715,30.047862979440282,25.072183256053954,71.9356153955853,45.17887581992243,23.69955818932729,56.024449430688335,56.31308069664705,1
78.30165437151646,40.8097920332151,44.803750200410775,85.65595205175777,59.60575298091905,85.41855750451776,53.71115937149676,60.78834817385126,1
94.23801292480827,70.06356717741895,27.271909225539954,88.80743905814406,57.141215266463824,29.331117437832397,30.21521070731366,66.22832728663332,1
73.00271480878975,21.78980053835918,40.92750119310506,29.18300723758945,53.28619436938274,51.1483017595489,59.75011477510847,48.85228146336869,0
40.370906328202416,20.563487150254176,67.15088852281485,47.89744023058811,70.10679989920371,26.693357664341477,19.102188423524026,40.890856017880225,0
37.86353983082342,54.52378583952418,49.52575793347738,82.82420442187731,48.227011535425916,60.43529436824631,65.48124739537538,49.63672487341096,0
19.746511331664927,59.21067014769512,45.586500751907025,51.70241021466037,26.022991879620022,80.62564525189163,93.3923400646818,43.418416023930604,0
19.781505650368,66.10982102490783,79.10752538306865,40.784607091991155,81.00444678905734,68.5884040613041,92.3330105816856,53.4080107366714,0
96.48038490830183,21.387689119896386,53.5950208821605,61.75902300625746,29.7394586566122,44.90286643418894,97.01179582051694,61.504718370190616,1
19.298436507397717,54.200634521950725,85.41236973745569,43.91210101754307,56.383880220412266,96.2436596630384,55.99014691805631,50.013574746520526,1
28.473704971719926,22.137719333311285,93.63332579519587,39.264753062005255,58.32511252516407,25.256141287197487,51.892409644048406,42.96381255838973,0
92.40844154000993,58.19303949047507,95.69081214418622,38.70685097899197,58.36361917631497,86.76246334474602,53.8601883642995,77.9140329336771,1
40.358989885615166,86.43802907343053,49.19115750980872,60.45786328481873,96.12216531321165,32.918663580469115,42.11205093761485,57.1539223860904,0
20.485568005587197,49.34701679280422,34.01467444678876,72.40279483263132,32.50571670126819,71.98502019246958,39.07803425514541,37.108216188590056,0
46.41742672969598,45.9088521637118,75.34014001308876,55.32074105106744,46.903911908214646,86.20981752315599,63.756050051296214,55.400866425626006,1
35.106465702239824,90.00730225149461,45.41202368269125,21.11835020298563,57.56801791795623,27.915044355270226,37.077315497259406,51.055429693869414,0
77.76886981499288,28.460145070105487,82.55553794832285,92.95258305047629,66.52256803263558,74.82873536182635,75.0869287925934,66.31478905431504,1
97.4246365816356,45.32306097612983,31.0285240994162,59.533378793145715,60.659984786536654,32.23299906369156,67.04875351953116,62.6088486756334,1
19.129978678145918,92.21347219633772,39.16594222570093,21.164816671215345,26.65995531798856,37.21991586237134,39.91249348848362,43.82990809857863,0
20.624799959818294,40.348384975498334,33.43533891947857,48.28967419476149,48.81341898847754,45.12061924823033,44.23391068245632,33.31572516940298,0
25.1785022193001,20.016395770092974,34.16914401251733,78.53195419332923,97.26478124408976,92.28209400458633,58.33754844302149,36.971222416033086,0
60.545908462234735,43.1665255228674,79.91515509101251,79.18053503461189,85.54178860659556,89.64036617575076,52.747939858023656,63.3212618444506,1
79.3500454485758,82.51189830367029,42.676769799820015,92.339379520492,25.547320211172437,97.54153433306263,79.60725745270955,71.68761901875493,1
25.46167242594618,70.49837184840004,20.734352874260814,79.61495595553463,81.93783373272441,66.19282024731581,86.54883135332564,46.39777095047836,0
25.830662417188776,40.07390736326506,51.13420172741364,21.396636226247864,53.857287005693294,39.21707648900528,49.41880096814024,37.480539066769396,0
52.008210559384516,88.35293867901481,39.627277642211126,89.49945029730176,52.07767718502794,44.224617655518884,58.20096394681168,60.41669934821352,0
51.419462909027175,38.589785044411684,58.214345983685355,30.1441386463065,46.15439544183729,63.26321754992725,51.072659551188686,48.818848035462494,0
83.91298888406372,38.5377409228133,95.5817263064808,80.7777616681081,95.40744207979778,85.05092438642433,29.36831406813141,72.65054871154486,1
60.1168072508011,31.598281695662855,83.45818821018058,64.73297193466368,39.075945148552464,92.3679177605737,27.214884265140853,56.801676559178745,1
63.10899227770512,75.68324437333803,22.70788298659454,65.82848265649629,83.27209723704753,23.40218515344427,58.97943768853017,57.12464512462612,0
38.6845742518992,71.03395612295367,27.494189366307594,92.96411445364055,89.57828653717854,32.877953590056734,43.86127074920837,49.76100915866887,0
65.01079797224344,75.44498693074004,53.41248121282066,30.503305756878007,26.332119504229727,97.98122695314751,54.42816971547898,62.75976336202106,1
87.80253993187985,56.590080370329154,91.78861108368027,25.020750621724048,27.121535306764077,92.37057501793794,93.7994436035828,75.15174651297674,1
43.17739579722907,46.41319095950975,54.19601878678064,51.292934405383264,33.20361727676773,89.87003071514997,38.2646080564515,48.18614954895136,0
74.42179275821212,23.37245421879783,21.10010652227436,70.29843780615366,45.12126860586083,70.4367514176001,25.521696173506427,46.67967002468462,0
93.98811039326907,77.88115735144763,88.10137864206393,28.91764432356087,43.61287751142955,47.46753313650753,60.97381186614548,79.03499704580105,1
41.74947884059314,22.85045937515241,47.51027045899765,38.363945170182575,48.87370331705719,33.7567634096021,38.951709965178836,37.82429262289626,0
68.1561872345815,49.05230676624521,45.630671453559366,60.712450617789834,79.74884326751406,48.30943650783658,65.00155940446724,57.93249100425708,0
95.2962100294541,59.758409129444054,90.78380612140356,81.49380994051415,22.697494532011977,52.32790971754055,73.86547262948704,77.96927135792833,1
96.93695299585599,54.670103292921006,25.422836330139155,62.96073397702943,28.125103369916822,78.12156482235147,58.61415979694223,64.07110473611968,1
75.87450947018291,87.54894615028189,68.31584137302218,66.99514634025452,78.3656236351705,85.39640011621339,87.52430290216022,78.02055677642886,1
20.914415654630666,62.495223743823146,35.30154478380412,86.82767126254267,69.8718148162689,51.61779832259505,33.0483382497081,42.072441504393076,0
45.121890073586115,74.30221556321797,34.3487636169311,25.48663562706982,89.04230065820408,79.13682796640934,33.98359445265061,52.62043607516255,0
41.38492347439933,95.76561417047085,74.6547589407294,66.84176033710598,42.61027883393043,41.93001153332178,21.16188949521844,61.98427555678218,0
76.27854935215451,21.45401800455076,18.38858702218232,76.35960702887833,93.90990057193002,78.52024381818484,55.731215249950296,50.964762512275406,1
56.883619964869844,52.89091381192843,43.97149336882669,59.73713713486721,52.4920765712892,65.85343040326197,89.84960644008756,55.32290664192719,1
97.60075338590482,24.299463190633368,48.77467781290731,32.45649566134476,46.169637914042696,40.99784148387384,31.962970530143064,57.569412324776714,1
79.12608427370324,57.703099426338866,91.53964657737806,20.607395459761157,23.358241050559194,50.261886634427526,24.42218563232297,66.36031910671001,1
39.01836771318668,96.88237944612989,34.71676859876912,33.84941931296726,63.89125350365673,57.839863263452536,64.43506377622758,55.821157273716835,0
48.13882225668374,84.14098879159576,29.08644411539703,52.27141166731725,73.18094787552697,87.45891522263197,47.565728508540616,56.7249739745185,0
63.41964792750022,23.531195600580922,31.625527048946317,23.53105299728916,76.23047135988176,41.044797497771256,75.89962321534702,45.240078338074035,0
23.311862323461966,87.00382403266603,84.84241584888733,25.114299444022613,19.90052051657492,22.503105038559294,86.29041385173872,54.56900793370044,0
36.77627912415166,61.86186542865509,52.09953625440454,81.64204209828816,57.111864117653646,58.05286725290158,97.12735515999219,53.45377773293954,0
30.010364539940568,84.45631509967451,22.139979648310785,56.211901565837664,88.90678591464189,71.2171172483297,72.81716954929064,50.50335100746498,0
39.06538258051884,51.48598330891634,47.32648507992404,59.71545681263954,54.97823441149345,44.151868150159146,42.438448989693605,46.07387716459477,1
38.06823133240977,47.203779750780676,29.995318234724852,87.7683441602859,66.16955134667418,28.702914047508436,73.50874673672011,43.93136736554299,0
85.81331743983786,37.00285376418071,30.048047546981113,18.689380570700166,21.78002710851881,78.98010786428092,96.97490656333551,56.11620515972642,1
21.590425798102128,77.84567672639142,23.748973267276803,65.37062599229334,78.48602259425903,46.73635178141902,18.8747776888531,42.24125176723018,0
65.61514817003408,97.29957025120223,38.60939382707966,33.15930217497726,27.914071420281196,62.42044959200449,65.71560794882187,64.47254474453266,0
81.38166697363219,78.24586188964078,89.40331958360697,82.4618158673841,37.78136664635556,62.47019239006089,41.7929567274864,77.1510294114672,1
44.382830364120196,92.5555495383997,72.55167240536588,95.96723306008846,51.35300293749956,60.995005868318124,56.96923359331374,66.44743626607615,1
26.582964601898155,36.93615956212827,60.21090884835857,23.3899444106405,92.51695434471114,27.907494555469665,33.83845971335257,39.462901922076824,0
79.22569791509093,25.754763343145097,90.02224796923275,76.05607765780285,23.489668568708712,73.34776490285223,68.53028337370543,64.24332442506811,1
78.58795461919348,84.25582819914686,75.4680450538524,64.89410362167776,43.797065486542216,73.78189294639432,94.55772677046235,77.51488961852874,1
65.00174244230993,71.14758947474031,52.970243375984055,78.48966477944595,97.81339138709087,30.831145925418888,34.19242236030098,63.1978871213032,1
61.15502069315116,56.51003178093266,63.725582760537506,21.925923817941843,50.342116506435914,64.63826096524487,64.81530810439702,58.36296220964455,0
70.58671694146989,75.6172823202131,69.32377626726853,81.21945243115479,67.98085077476733,61.00061300297636,66.49571431102487,71.3092582890176,1
26.09546934026659,39.8525232580416,60.19198245265049,87.83897723213657,72.32412450303944,25.232646277751805,65.38199603555235,43.67382877655782,0
35.739039010967915,76.72132478309783,84.19526820069977,65.47650180719788,65.30900878013678,45.08731545686512,53.70000169290475,60.00668987660841,1
87.12866830522763,75.86562647737253,59.580292775667445,47.45859089986968,22.030379063084347,29.44059210611081,33.44201516314965,67.99607794291701,1
47.87068346069398,93.53149176610196,58.412271588699895,36.78721306073849,26.460010996921127,45.06444196823712,83.25845084408455,61.39857231400743,1
48.66742347284063,79.80046448179309,82.2163980901503,26.865661575896333,66.6927802101427,94.72768506968886,50.17104599228431,65.34985259637317,1
22.07552712024178,91.86421522063029,88.69330252579863,59.771315776720144,62.18024962752077,34.93928822208999,83.55606044357098,60.45349450589702,0
57.888003071370115,20.710223611404523,72.64119651591983,94.03970158421649,84.33203922766002,40.175851216843185,22.266006794667252,52.00727622218399,1
93.22811300305445,92.96501799037611,60.59322557702955,69.38539293372281,55.00800485686466,51.58122936790069,27.55587487429603,78.16626426570821,1
25.740231868887683,36.618571734095,84.93125971252354,29.666584058854397,36.135892153176854,61.8891247457766,35.210497446261954,43.29508095034264,0
31.056534777422968,63.06529933583698,47.44746167972924,68.09274286723753,90.9764272326941,30.079450514805412,91.07469278504512,50.13677001199224,0
90.19919739383349,84.32700666687222,68.50287338448682,67.61173259724379,69.13701279492012,73.23964409742504,19.31857604769256,77.81739370832122,1
94.64740633285197,64.84830091724638,80.51726715219374,48.18254712490905,18.991777113263677,58.77877279011552,58.57520954527432,74.66853620492667,1
52.95914306491614,45.17736433296614,37.98608702477776,60.203589959774625,48.022251175479525,95.59455064398469,31.834184621354517,49.2099873809474,0
43.57324541016696,41.51683767396568,61.46473409887656,57.94242055793183,69.49923723394184,94.00014164593662,40.81768683950939,51.03576644569115,1
73.42172554039972,20.003216240414687,38.99107781868996,55.097578239727426,20.479583078490755,67.41355684429112,72.26484867213665,49.25940190471386,0
77.73853718704373,59.32596038744098,66.31557319829014,49.685220102278976,21.300242600525003,25.99614846196104,70.39967393611713,63.672157007027685,0
97.6444239668621,19.264259133063696,62.60667974611062,78.08070023060463,84.14198624111029,61.61639209781121,67.59327841472842,66.08456697010251,1
73.73799562196427,86.71729997547445,27.78316297622549,92.09457570198907,20.0813922841256,84.89598007662202,24.139234124775783,64.10481516617682,1
33.57025692839378,18.31153171049061,53.62053644288326,44.748738137391385,31.279432918962186,54.087212864312505,50.189670653774705,36.06683286985917,0
79.41288261589932,89.4504244856026,70.20538014136655,27.952831098121912,41.63126357678805,91.06546374658238,25.098759440631135,73.4856069583449,1
50.54846715126612,93.4003695386785,94.05318731755885,50.896254163911394,71.3917510479038,54.53964786831992,78.27684315490734,72.60791816287664,0
20.52650645543988,29.532571913708676,67.13590428348795,36.60418099544509,71.2841839415319,46.09783419690387,88.9316446502257,40.140493283734045,0
83.54075084479892,57.427024005502574,79.83160696758861,39.69103089880723,57.540782144949006,33.79856414906225,86.8708934816795,70.45740372429789,0
83.84540932547318,90.1719734727201,88.19815849794075,94.76770096475958,36.26689853055407,92.54594326362523,63.69705530815981,83.89239823503871,1
51.79960671345217,62.82991167742984,45.40818853202222,41.08424055687617,37.3051470382023,24.594239156570147,57.725191771774995,50.95441890164134,0
89.02093405711099,68.41215754195078,59.67805062046188,52.287433460073316,55.152130105375356,34.742187805756075,83.83487017544778,71.49680750690153,1
33.87063706252224,75.32982053818503,78.79880091969221,63.98952336221874,87.03410999638628,41.284028196052006,88.52937769942906,60.48879025307179,0
76.35283676794432,81.89998622094086,71.16637676218514,85.70744135919755,97.44790901741088,51.61302836197109,83.11325469676562,77.32584644822002,1
77.56638076144269,54.22961325696144,92.15591997860096,49.55407436580758,63.237273302099005,26.475388559276922,36.0620155253013,67.90325816408973,1
85.25569364270085,49.724217826307786,49.526727153220655,37.67848145524962,57.32882674379635,82.4653569080498,89.61312942189917,65.53018238861613,1
23.60915456353471,63.98565849920924,55.38186943138676,67.14254803772627,53.78205495266153,49.89158566827321,55.75045699435915,46.66432489096781,0
64.55993030051313,58.07865688254214,55.771556081651696,83.42682479664646,77.65183929902862,45.31027953449542,82.04616940122564,62.691706693715275,1
86.29205352036001,30.27937642993524,64.61459693846069,40.8249594879371,77.1337857541378,37.10282634869466,71.71228193384255,62.033674903532564,0
38.40997248461071,58.89150107439545,93.89171743329537,48.50460307651476,88.05907887705662,96.95556649631158,87.98806790441306,63.02007494258648,1
31.269282377867427,83.57265756281305,20.5719516080449,49.464150695944625,87.6586698654291,73.10017702079358,60.619234187030244,49.493915133025716,0
49.02912200660964,82.98375571762288,74.76467231585767,55.472425569253865,89.39874697677278,36.39584142549059,31.631320732689993,63.50398283010098,1
69.42430114668653,95.75954741614163,37.78052586454162,37.97363031470612,29.159907836975194,86.84508442189058,36.11180323290672,65.29901871860795,1
58.25428213799103,97.26979824017637,18.971272073763487,62.51888724086353,58.983123416395664,82.59579011281238,46.422523164222156,61.026718919808346,0
50.82730871192332,31.435038447909093,77.26521853086294,80.77671273505186,28.93306566230642,49.47656591906574,89.43239962901464,53.53229856459495,1
18.216581894062973,41.90072564981058,62.403382804203815,44.72750877279626,39.76361513421355,54.80299879225701,32.5218486487755,37.92246020361756,0
60.370019276758704,74.53567370505807,64.02359621028018,25.448746468682472,85.55268913324586,31.998226998999055,79.18496004889029,63.67737554767698,0
46.845208862068034,80.62090784448819,34.50183227242766,32.93296829563438,57.76206769739858,20.63488117586884,36.02378710258667,50.819101730905814,0
75.92098017474785,84.99067826443404,24.462829115024835,88.56621675504834,81.80137632425432,87.57474365655723,73.8742843663072,69.30340950538358,1
71.93224538351717,60.007458667589106,70.2229779593052,91.52877316532842,26.04176011333667,43.2611582276873,23.796397887669748,63.454150612690434,1
93.58441375552307,53.62123727995104,72.02755765409508,85.28960516034572,97.28001984611909,30.94259662338126,81.96100845745829,75.33902716960506,1
88.9938318509389,21.91003014807005,78.32724481484587,46.37802569572403,69.88774331763456,59.123855683109184,38.779380166930956,62.999247890985245,1
28.817708960318882,27.355778647136663,26.265828616679336,69.02320321076621,46.112868111963046,35.330675056469794,73.35080741647224,33.369186211015204,0
72.94796526131735,61.13346338855982,92.79662534926807,48.833138515313706,84.86903770154343,24.011152634575705,77.18648752308036,71.11946957718031,1
97.0757931065544,85.72785730302535,64.37317754480475,68.14128514617285,46.26316395495574,72.35881746064831,79.63163065450617,81.60287228282547,1
97.85827848942832,57.39703336003464,22.904325261875382,65.66863605847882,27.521931998573486,37.5812034844888,44.30239290445898,61.934229085983645,1
76.48238985187285,32.70464991028004,31.2602357473882,21.597139399906197,87.85919490831047,73.48043394848486,21.19571724941012,51.40367035050873,0
20.263384451049166,62.69394371800448,40.60275210293688,65.7381080345543,52.76833405447722,91.86500498482037,41.02472119690943,43.456029321493766,0
72.33162947511148,22.324344929487935,94.46884273511402,96.46059743266818,77.12597032131299,55.216997725085854,35.59947514618091,63.0110771269462,1
83.00130721983717,76.90832777176178,35.75632316487592,54.09722353258125,55.0239150253428,84.11284399781673,72.70757474672612,68.72588196798198,1
69.45340348320441,69.98619380506227,39.63760635059831,47.736900786362725,21.65298283493649,80.9552908649699,52.63985721358511,59.88201252549948,1
53.05906856700588,37.62850119469014,34.75418251675431,65.02575436552235,36.604241216294064,23.136708125237153,79.40059327847186,45.13700064975173,0
48.11755475250928,48.418846711944354,52.505462521263304,83.20358587264751,43.66695167518537,78.64289690062688,93.16358726236346,54.38079943115816,1
70.86945567398395,52.53448649416197,77.82317785173318,54.63178958011084,51.15418168865126,60.02265308581466,43.417786784743505,63.963887236747524,0
26.340017302400096,51.18816044209321,27.908550490344155,50.83531788443574,62.55469769707602,92.45689449645174,20.897786483624287,38.93499109251157,0
67.71667252015553,54.61881493200618,19.620890256331133,37.96385407509763,27.478820188384127,35.34353165851558,39.96561947687346,48.31730843626574,0
50.1045068305757,60.323151479111225,18.07919951411089,30.949548850299266,25.485310848704056,61.973871941019496,44.32598963210158,44.369941226907706,1
61.87181888277745,35.745864173974226,19.93834832700679,93.30935210161974,26.66464969511952,28.148699836937347,29.723746120811242,43.471594705591414,0
96.50212191946181,67.41281921359969,66.82319613630804,96.93585612148237,25.07510154197238,95.96007140338313,34.32105172432327,76.60819074203123,1
67.84572028496284,51.606685224223334,48.71614507817426,92.499466278357,29.938218275220514,97.76552088609948,48.33000488732388,59.81756293777772,1
69.90199231108436,95.4325385186688,22.608084030317983,91.82914903401524,63.424910828347464,74.35175031819618,29.93473471090787,65.82247598918366,1
60.67099446648258,71.8810971780195,54.499784591014546,30.398814248484538,37.529526006846126,86.35142327947989,20.757679426621024,58.85695142404826,0
74.708966275265,97.95120292116215,18.59863968854133,30.88365462559519,71.93154407145076,22.799266766827863,65.18319870846871,63.89555007295868,0
72.72000828488449,65.05170784912562,47.21477624168538,73.78258367893112,65.54355424110564,34.61097376751358,63.05084348680878,63.00728286904601,0
88.5525773711142,71.34666285523599,55.74332059150777,43.726728229556095,24.87089675500583,37.570170620722294,18.89494024695015,66.23186870461224,1
96.93007340199715,35.798580170299196,83.1900754148298,31.49159054439829,40.68809196844592,51.46218553826934,43.95245313132841,67.89290187536186,1
81.86806502078889,94.61547264123385,88.02355869206788,30.286229355820524,80.13509410794322,29.835753064376917,91.07048852496811,81.47878090865359,1
59.43028605348627,44.91048704453654,30.562039786735426,18.944727054320367,37.83575933287078,91.12160506250495,81.7809753817782,49.62478317877513,1
95.58349662005756,26.060921689709843,65.37429948045356,38.57203792246213,61.435336461792595,43.63639084507641,40.6772440194686,62.2603645979783,1
63.9076241619678,32.665452949563225,55.53067495776935,70.06498120352279,28.254565854624325,92.44754167015232,58.45797595632998,54.10141991986488,1
83.56223775074739,70.31243444968507,74.80007529780364,75.29047527942704,88.0079917649178,67.08843480375393,40.25737213771117,75.31712058403407,1
25.960771429236573,66.50004955601132,23.308224301646483,37.30347613516241,22.85657476815294,61.91100712052537,30.82704999542944,38.01783265052843,0
66.83258555467786,81.2692104690614,83.75045766174898,42.7634806510102,61.91636261555968,63.04086080690872,55.830974572333325,71.636383026043,1
70.40911131398119,34.80696990588268,96.33945916694354,25.846386167274595,84.33769129624953,65.52767895609503,37.58837977549727,63.27783007950862,0
77.65400005282399,24.758471654165756,79.95342675590265,65.19881777944109,26.860025471712127,24.360445047389618,78.06690667491699,59.083513031883356,1
41.434872520306975,89.14414806137708,78.96584168241408,73.85521957741729,40.288484210676074,74.71556152172943,93.85181476118672,66.716964737485,1
25.32478674964551,44.09301136028528,36.77378123692753,49.460010752053336,77.38661238831571,55.93940651403092,63.6584484896197,39.56390835703374,0
43.13239104626739,29.303141366968042,39.35469191501828,86.77442409935897,66.19335697227284,48.2390938557787,81.19247853884701,44.41302826425212,1
23.1565945963927,38.311287033790855,36.40825232458714,96.82916497345776,74.48788659142082,67.42287491108434,18.398797223557832,37.82121651707862,0
32.744800167188586,68.84330343784626,48.37754611853326,91.94243069432487,79.17793753134063,53.7907258243296,77.96119820306163,53.490629754337064,1
96.03234590609773,54.87846597611765,69.40207103108267,91.49316920490361,37.89397296289386,88.92463309330226,25.803576541838613,73.41711935752708,1
69.87585364701172,80.62705240446275,67.1684975401941,57.64278433220344,67.38776799405488,30.133096702355566,35.245656826417466,67.56747667836018,1
39.59194751650736,65.82234725040306,53.35208589960564,37.558067398867166,88.6247465715664,47.913747223457875,53.682537538391294,52.37214055991361,0
50.77608612391957,32.55543642214021,76.53016123441867,53.876660981508635,19.300568791417476,95.12109618878375,83.2610889276331,53.79449224025778,1
75.88474832734425,87.52734964148232,90.54458028844402,44.99917651075509,66.87669427333589,66.70462473644753,39.38397350484776,77.44863883389918,1
35.756180115765375,27.112580385521767,70.74513567331623,80.47351928246239,78.87623836136031,43.30203017479795,34.42078803721618,45.29546406435342,0
54.28913427636975,61.74507681924085,91.52697023748446,87.98585234192433,91.28466650414622,86.02099081087837,95.1664963549049,70.7657605496292,1
55.239999773524595,21.79787979464755,24.68496257187826,49.222091341787454,38.61496730183978,31.595247308885384,94.25630196069189,40.40489277943138,1
33.6335670728498,94.75034178521848,78.86710722569657,69.27565377001787,72.08151680715027,44.51794589272992,69.71416304466257,64.0122193426694,0
32.93536946250123,93.01643460287836,42.14346719684748,38.41492098348337,74.8930238555326,70.51589744529454,54.10391346746442,55.10656918955327,0
68.5956987752629,30.759445740868493,71.8662645921564,39.64885561561551,39.82687813411658,30.974394795502768,44.59017080289317,53.82362389239681,1
44.50008482490625,54.33432093618154,33.23356037330796,33.44060289270131,61.33908573305827,28.31019237363801,73.11176063910682,45.61540407934939,0
93.51577006900773,52.143649733150255,90.08842505205413,25.865327290069153,21.436610190051567,75.7095102011072,78.88172583851971,73.87877564383848,1
85.4446592772601,22.545414271998514,80.15256439654644,48.12309862372654,42.26701061457589,31.841913707463753,97.68126040820216,62.56816136204837,1
23.093087145509088,84.16064116863996,69.1595548392422,76.80643554094937,74.93736959374371,86.67475880585461,32.703365588488666,56.510748237388434,0
18.06596934677483,65.8822791234613,46.30869114586672,27.902986489371017,32.89110032833911,44.53994499673783,23.618669670936256,38.50303235567907,0
22.55305617027607,91.28210038659553,42.9682199482957,96.57845579788679,95.14936066643199,29.405702586169106,75.19394423169527,54.12411191001381,0
66.06439113016553,73.25176584841229,25.695280001157982,33.08480629076465,24.13109291607052,66.3307364173657,96.92728606792728,57.598230442499016,1
71.75876301263531,74.86092280175437,96.76680332346248,72.24092433374369,21.214525810277628,87.3604480685278,47.1742632303037,74.58366649169609,1
18.34908972117723,58.57873420486565,92.96120007010109,38.586454975598656,57.321053844227194,31.902151022591262,22.615413733315208,47.18035864643527,0
24.443595737049055,76.16087247690844,87.12595765937192,29.46390714019929,41.0654854248375,33.60235741158618,20.148462154114235,51.23467876560552,0
62.27450959095869,73.9937736110118,69.83019847080564,49.04428378417981,62.40081967519242,25.527944530897976,30.344297497814757,62.62642872815386,0
92.54356956423867,78.92061982559174,91.81912766601339,91.33442275994938,69.95140936861925,92.25909184897321,51.336328246597056,85.72829244829109,1
18.289299582795273,23.005689267692752,26.75898605606522,25.628276254628823,46.13619126802108,74.10166456874862,81.2519045280396,28.860376213086486,0
65.21706194756997,29.714893964558364,77.83212817185402,46.38415353100792,19.039467893743698,40.44708964261995,44.44804433127823,53.33705857709237,1
39.93964281744823,82.94961225500685,78.79411180752723,73.64416243301132,29.12040628098122,82.62671277650256,72.17407693306589,63.35336833254209,1
33.58701491851135,69.84751442252131,56.68093128029449,53.148004948498006,26.969853077791107,59.46434206761323,25.99454471778909,48.83235732375277,0
31.14027098034133,28.603705141981017,94.3286623256006,40.78917523551121,46.41634588768062,43.76644850368289,89.8600356142515,47.957353855791155,1
63.03727290679108,91.53279191466494,41.993992466231646,27.186773954555917,62.497476217933965,45.6429593432014,82.15254667925987,64.219029799037,0
88.35387271293268,55.805880872565744,95.70872192684067,62.24104050755247,39.67363147090499,57.118041227541966,20.98482339223421,73.0179468829477,1
82.3200928210454,26.114804068353678,42.69987908024039,63.22532376039547,21.43801005175191,24.34535193451586,73.68930860904103,53.0156090382876,1
23.7421674448615,56.16662929979012,45.09565067366003,36.246352636513315,33.10231182909323,79.07290349860635,94.1233754520226,43.497793236192834,0
29.21437937626654,94.77449753393016,65.5810002780083,69.33283242906057,74.79411025140655,74.32951122836647,83.58488865485506,62.13692434896192,0
56.677492107815794,60.66868700117609,43.90616019707327,26.420607502649364,71.17121527409753,20.688797534900075,40.05080408666946,51.70209724736002,0
25.538389155688023,33.25817258581745,69.09847303179046,68.27813041639345,51.68439303965697,25.213758119159294,52.66991331675267,40.96498370190138,0
46.21958974866347,75.63673222847598,64.32212865592413,57.325261386959916,56.95856658439961,95.30375098083351,78.50353773627604,62.355021034759496,1
57.75836483681022,56.33780903111821,20.118328104397076,93.40074106558453,43.533917741386375,38.4751265504595,97.95271403101371,51.99167054096475,1
75.49517372036195,21.78910186394304,22.950838162046118,20.04012511681583,65.96951196102953,23.725160004956145,92.67106854759444,46.58104718204146,0
92.95252320181423,61.68432533984638,67.33111451167606,41.35155212201998,23.117803392661866,76.99683561534525,26.142879099921394,69.8011408694292,1
24.84461128147145,42.897848736337906,18.997252787030565,52.72284926050528,74.61447280640614,82.10791451375512,66.3445843039137,37.00901773423461,0
85.749936249113,50.52017630136883,85.90176680483813,58.51786483987034,35.84289023986362,93.53165173283728,39.99766990696932,71.2173789594764,1
20.09611873502345,37.41392343640216,47.33500490059422,46.10797466314113,59.973400755485734,88.65015056287388,41.38705816877593,37.660052603991424,0
59.66164863673351,45.21111629507835,83.74184474985603,30.608121063078272,26.28082146480468,58.23962025900814,71.75100686123935,58.27670352900405,0
81.64201608726133,65.16998823242531,79.90798090552005,49.4168046848739,20.629413621317518,27.28794463212452,21.097808098319696,66.77039742158358,1
44.315492038119416,57.63930730149458,46.50539869255515,62.847958005311376,56.448731879423015,72.23542414911523,71.3569730850725,52.36578313317257,0
43.44513176869436,45.697156428887325,64.81182573130427,65.71459743126735,43.17599309097065,44.42543086203402,73.52360105489177,50.9344314944839,1
69.79286583008556,28.804064374381976,53.28335037403147,89.41648629684722,20.904454088358015,86.41311571873709,31.054252565131492,53.674604642385425,1
58.579890596937275,51.94691431384092,18.810346987316706,91.23175496717056,54.39401818674445,94.3414621408492,40.93951207833743,51.297097053506704,1
87.3020618732778,91.79116591965044,62.54659330966245,34.2142230294174,72.81979456845761,61.91824532235681,93.56237326821007,79.13856360691443,1
53.141764944839345,39.48109181118576,29.06296011952857,73.89068549493436,95.92876951844659,20.267501645711878,77.23562838225014,47.648611959463075,0
92.15442900477333,23.982522738187946,26.813603608490652,73.3565678759767,69.83707007166306,23.506193225299654,84.75382017209252,56.185084125167386,1
59.87390782759139,90.575789866929,88.23927047941635,83.00062152401325,59.271911699553705,38.13685133995458,58.478040312890606,73.19204054609311,1
26.064910224142405,70.70769187787408,28.71817753832061,58.89383700005784,22.35055793334542,41.96099922197167,36.56643685358303,40.531868606030386,0
67.60252341693364,80.9429369618007,22.58423636324209,86.02269481243074,86.86141559636836,45.38152594304182,70.72032527762576,62.86276279049869,0
50.20904253627596,30.33527057517052,60.292993485048825,24.908773960127732,88.27777243167903,91.94318075276868,83.72905096091229,51.658520133773365,0
63.002249660478284,62.607887290036395,96.76859012807438,37.83213518649463,24.075869272416597,62.95527388809422,44.30284782480827,65.51478353788207,1
43.78710182464354,18.566828333595844,65.69915276383463,39.122696182049125,33.02868385541448,21.234554511440297,47.148926118048905,40.133766308138775,0
88.31750979091659,44.93366460778979,72.3259368095675,78.52375707215259,44.24806473521596,83.7312588009633,73.35037277335593,70.60240460976614,1
62.739378296076126,18.079397124050313,20.80726127382465,97.26926752848507,80.58271388028476,93.00522070183577,90.1842563934422,48.692156864606545,1
19.635438651420067,81.34778318328591,54.091659520892364,81.16465632005246,18.53726273307081,41.05594409604514,78.10590206330417,48.97086948862061,0
81.44166308812717,67.57716809716992,42.1004951557011,42.82900730302903,95.3411170913626,53.136974338736366,53.77004401950696,66.07283027390895,1
62.18662001925596,50.7601869491511,62.213725167793136,52.58683382140463,84.13719356817494,90.72408158386271,92.56882078522894,62.89895526551955,1
63.143696466350924,53.37188459715963,74.41920470334703,85.06588730367253,63.03857936531017,73.99848174578091,77.97834805769983,65.33117067680531,1
72.11150213738294,77.69068445834476,34.69162660447987,57.869963761743804,65.06148436840698,18.198234468561846,86.47700070509455,62.98035634875656,0
66.80196067559297,28.33090653585626,83.30856580606617,75.36455731524357,78.66396347709096,49.3633969489485,86.33620053559937,61.61153194547896,1
51.12220657058898,63.640732235647306,18.051384295989898,69.58984917422899,75.45406337023493,63.36874923910339,57.724705363489285,50.72010057516877,0
82.79491789693667,72.50981737321935,40.24592317760184,94.72586704639886,74.58137553562726,97.03511431299397,95.70090530150947,73.25702335257952,1
91.51277782480719,78.42972329802461,66.7543494797574,31.773653094633936,61.468113393900616,79.23012179154618,59.66857269644542,76.59479600796647,1
87.45913027245263,26.77247193533586,48.47522784389073,58.47715348749258,52.58602366952864,26.686923825724246,30.282263523570442,55.40047737328633,1
85.00938342843897,56.75074073611608,21.89779414021821,19.31930071821199,55.87803215954612,31.150298073955497,74.41007567993775,57.35841354360886,1
81.62587700222011,36.26373667656845,65.37415559054246,30.355571478830882,42.28661212755096,89.10363953451467,61.52784731858486,61.87350576100171,1
88.871095611536,36.01982433436056,44.40194745989328,55.676171076545366,56.406406015563434,97.81183737469604,27.155625517690407,60.842731038831154,1
86.15720284812726,87.09456315374962,62.25589052302299,45.5229734607323,59.53808834306369,41.3974163845251,81.92859587519516,75.79919359306234,1
57.862332696826414,92.06737431019604,67.8153075484835,59.14554664917467,74.88554831821219,58.31463715441874,90.36050803355577,70.96703353890302,1
32.755676870947305,95.86789469967245,82.97524414809536,86.85866894918956,56.63262658968569,84.97612394700779,42.54192668617641,65.57697671797172,1
78.95585428513402,29.236012671121813,42.5641532770007,53.65861306877863,43.78557745147375,48.96136924993469,83.60837958269585,54.95707979062165,1
38.53407137137341,77.62249377236577,23.89696552893215,79.25912860120486,81.36185942638184,50.13590204019856,75.79822585339764,51.99969732491771,0
91.21107229960793,82.05703788436215,49.235720831756794,56.73708114240515,80.34860358286443,41.407567187929885,82.31061922470988,75.32547249920015,1
44.245691404875295,82.47924659084305,24.94403546805787,21.55178375284721,97.81403578958579,87.55656985877512,88.62780027729632,55.87212021695392,0
94.1023958085294,53.065304753159026,40.94684437441218,28.401999601432237,58.09673068307716,35.603865638128624,92.84406853914558,65.13886681924666,1
18.32025299542233,29.455739019449727,37.71806824667414,33.9165369274556,36.06227492637682,70.48380840489428,44.20096626505194,30.552816278784007,0
67.20195055226986,89.2206346917033,66.20454124205617,73.56262330291051,47.240263857708584,30.779077409816733,43.646724995992486,68.82818409295292,1
95.14261189632865,67.74491075625096,40.200889554721215,54.073221372968305,84.84104299447955,71.47548565646188,62.85222725833346,71.93841862783417,1
88.81303013070729,71.79516577734321,69.41837846328764,33.18145097686145,26.511094640992624,95.21136936459192,65.90866960802822,73.9576569122646,1
51.25467273171433,65.12166567281741,22.94495688573723,83.77018191232854,35.331642845146874,82.36368050543577,60.75027546108885,51.91933228765182,1
40.125761092552224,20.416795859365635,83.26666842612846,32.11681131754453,22.144409251189877,78.47021846607046,46.00345778983831,44.73829387369254,0
49.146720447332,37.76540698245752,86.73427829575176,41.786362088522566,34.81540558008191,42.73997810689249,34.25196601339176,51.66924515077537,0
43.412417664416594,24.63489782945384,30.682402329556666,51.36423067169183,88.3573484471901,22.583259737782868,35.01397654080245,37.35549187569397,0
90.6676540433277,89.20117393279374,72.3560666636753,37.237884327619035,51.58484488446286,34.8976795550372,28.28708073001626,76.10556020595496,1
48.39987156111132,64.06572840562802,46.79461403718442,66.86596403727758,41.700378830344434,45.66804222086322,81.25388733156876,54.08972357623555,0
88.26517847150865,43.762726522484165,63.7212641076221,40.25298271138144,22.266771336594203,77.02857450883263,31.68027865889203,63.1391772779585,1
52.057001899753374,56.963639470332545,32.75772673432847,25.5644280530717,45.841041173685646,94.18287260402548,67.21084719907371,50.65236533085534,0
48.5128182722322,21.112865661937192,66.02186251128654,25.380611274829807,61.40352568380211,78.15604066173944,51.88682786358291,46.30342558722059,1
41.95291958532195,21.79073870540789,19.982230012927744,52.4021255716417,88.66762165623743,37.52502230345523,63.924440462545704,36.253613033494204,0
72.74446557438094,22.866389400108915,30.248030064270168,44.50214347356537,71.60745393188564,53.12280897824775,76.73560545745963,49.525166905972505,1
87.4078292458554,78.66978212788342,97.37977658505993,78.34888549853197,86.17433560059604,84.58930867720008,76.42126098240372,86.01283062296882,1
82.14414533247124,92.77465822939281,56.01659028210341,69.06296191300348,59.195177725821814,86.08295897536584,52.50876822972059,76.48992682232941,1
83.57814169157864,81.94836600457111,94.95088810948724,37.9136559405935,74.76956079087299,78.55355981179889,92.90227942437326,82.93657151347468,1
90.55219344444248,63.882068936675864,64.33225486911839,31.38329827233835,95.99701619390169,38.401397016274146,75.97889747610337,72.61826636147839,1
81.663600384425,53.29724036891048,34.89549760232464,33.116830737574944,86.51968007212734,58.86051893988119,25.210958563061336,59.07106916287354,0
75.3615578210311,38.01368422440237,88.11158006007034,42.76574288239802,34.02166640721145,24.788675484394744,58.9224909310118,61.52721109072635,1
54.05900702546299,78.10497156825143,55.168206975442914,45.505277513949686,38.93239325063553,40.25173963759769,92.22783214622511,60.32639887348388,0
31.206288167024987,97.05411396457201,44.15355641537798,25.071218833399797,37.8952304630292,22.673150364369498,81.20238153311327,52.35853969237292,0
59.004233003288434,44.958929509344074,70.963968370525,68.45172207602562,93.18976713820722,94.90084133987037,72.45470205323242,62.53385923295875,1
83.42527417953349,81.39400802681428,57.30428261599198,74.35666304267335,24.260720614685617,78.64168665202456,94.94664057538941,74.61849003697732,1
24.797980250059076,84.88926276734836,92.6384021319417,36.09511118416496,59.9848950087363,92.22865803703908,94.81808036183743,62.58562643533499,1
28.230590748185307,45.92033804443605,73.85157129206853,35.724679950874425,43.981650290758466,19.86328480037546,30.281734474495913,42.62367300721279,0
62.986359553419504,70.24720530433461,69.91294648766696,80.26883766225734,51.22251309910332,39.87925729929244,19.246456003402,63.12046967051663,1
34.53038608419095,42.99102497616298,32.25654851843724,19.611557719728182,30.595808693215325,71.28796428540579,68.36683331780766,38.77780927800288,0
92.8546911518434,81.85346331178474,63.420489347295295,29.004507799456906,63.12574551401255,22.927604873134463,52.470791792868226,74.02303809952404,0
49.220690315775634,52.22510474903533,40.386073471582975,72.8664358099059,85.27555738390235,79.4813594079182,68.22016766327042,53.65290850534675,0
61.067583946641065,20.48673440064243,75.8347198953537,61.59863516627979,39.65928405311095,44.227363108275334,92.84854291757931,53.57897322281799,0
67.94897960937817,56.072994772602264,67.67373917667261,51.09938599885256,55.614581856241294,41.22474053661363,53.18826404733156,61.3914880137194,1
72.84737859503284,21.195354006917537,81.60219258369239,40.638363268905024,72.60478347459997,69.4180251744048,70.21024393130443,59.759430319190066,1
66.65031330046423,94.72814704556279,58.667533015631264,76.58552924122812,74.43594649876621,36.90140618226643,40.66446713494605,70.17252047253977,1
51.92136785255743,40.21583443705674,47.33944791439678,49.27684911426448,66.30916487506752,35.59120341880493,82.34334927013498,49.370355274452244,0
53.002908541720366,74.49952893465975,24.51539849926543,55.597231529949354,20.257562574186267,72.07279934524519,45.49680615976557,51.75019990357747,0
93.9402251284663,43.929937168113554,63.104471841418146,38.591006055569174,67.60901031578723,55.36338801065877,47.650260920450634,66.9431407203985,1
34.29514792641439,26.921707517716424,27.590330716533863,97.92320140044426,50.98485814857877,18.15437662986716,94.23430325008114,37.31663176842948,1
19.598393938385012,51.486890044362696,75.39820687765247,91.16793954974094,75.03090331456808,55.09006039200094,95.95536311872827,50.67301508380783,0
21.145550642661632,96.95137620304064,85.95132413667511,92.31440137010873,38.38179392780293,29.39664578274158,71.065222349816,60.38695477455022,1
59.2687550388896,59.85343685955036,91.9695342786574,67.60647253226098,42.88510680836719,50.00532451343008,28.6796668073481,63.56015886730076,1
33.38512322205514,29.46800561676308,82.82330729690835,74.38987743776951,60.42760140886815,47.94942669020566,71.47954322594804,48.32877842943132,1
83.03242781566088,88.49865725373672,61.761298256506684,83.59080974557607,58.904476273015604,55.96240713503127,87.23454844976801,77.82288578038639,1
48.90991490117312,49.67301432325618,42.39290762279329,59.496138263569335,61.58800269515686,70.83689162483655,52.44018480876564,50.23336619039971,0
35.42698335068795,87.34736499311006,45.68006937904115,91.83547358721398,34.58826664211646,62.80459809889844,60.929207482356176,55.88017658735578,0
84.29182783415962,29.108110940066382,90.79497383339691,60.51425377376562,64.8887507131493,58.81330346382137,20.881992546901316,65.19307726853373,1
57.76725294452785,39.08397301415924,45.41505443022652,69.9281279349712,57.81577035792847,25.457457013396834,23.843301980940716,47.924775534531726,0
32.85261564938963,33.27081172577789,66.66406055770919,32.22515712364343,88.53755386198165,34.78085284907305,25.290515634110612,42.19063449371312,0
88.05968130877176,41.62620608613864,52.03381038669886,94.72211072099539,93.54953753262191,75.19335114119343,23.515116138604377,65.9832078336153,1
65.4672100329118,97.12623480338063,93.75329827391843,26.480199401595428,49.67738424722949,43.242939672227145,28.378248552392442,73.3346804608202,1
73.58386489990087,39.90786914881894,45.589264250023824,25.228710136113435,57.83740470229325,30.65342909216452,52.56723388635913,53.16351174302132,0
29.46737776826412,94.30799119601166,29.59860265577141,59.750972308050656,33.758386025519,24.10894427780874,34.18468950736785,47.400450154986956,0
22.38192859123489,29.151790649679107,57.47873262105736,70.14524168460594,24.987185205742676,53.28148991234148,64.49976182826816,37.26305312511138,0
36.73805409688492,47.76627292128203,23.74678957868869,35.6104864186476,55.340234073515205,97.23537431402578,97.70120503513067,43.84361007203393,0
96.36973448994303,51.8469109040262,24.4544302731732,43.88587497994668,37.017150029678184,19.130125992788365,25.61868882307003,57.864612843395406,0
54.255354803925286,45.17299710434376,32.42829773075864,75.28799765269977,46.569247671729485,86.14942845972355,37.27817282104939,49.03252533387162,0
61.07147920692998,32.731137371934594,57.62404931086736,30.197320718270895,30.926289949721756,66.97787016336125,39.102883374061335,49.44283013785338,1
31.789378125139784,92.38146001080585,21.440260059204086,63.21184901567097,61.86110734666122,38.048709952244785,54.22173960902543,49.37686965452133,0
25.019022646610836,75.70161167391085,35.735771870145854,33.47082878612447,43.190278262200245,90.18959362105136,81.71733186268341,47.257616845423655,0
93.7513832907006,70.15698768264684,71.03372088256701,56.40247995409736,90.41490586935804,58.870171941626324,46.40480566360198,77.1635934203545,1
69.23000079341321,61.691159472077075,27.921585224791638,49.418033112994365,43.0660328875584,85.74670200089054,48.3074045578487,56.56451581863682,0
83.72441861111142,53.39116751207565,78.2800450756488,28.822554280895194,91.97201757267699,56.44479126391346,38.78385965010451,69.10850854541718,1
37.31916850918455,39.20618308599775,47.33793383343741,75.40156261404934,93.96824343206349,71.52299440989057,61.77330167552806,47.46414662297809,0
53.88782464137077,84.25555736300932,85.97257619568559,41.443013954625485,94.27361989227441,49.609229056510564,82.00624553532222,70.48574862630585,1
95.34559024657867,74.2926480684489,30.924058116095498,64.89095641391447,27.50216984764627,81.1313631895141,40.50521390991064,68.83041539468313,1
73.61718584480148,90.80717393041591,32.48078805361379,49.428627088093336,69.7695030458853,51.57268742476009,31.98551532997722,65.10178278344304,0
20.32572913350376,50.527851496157034,69.93672212655363,63.91873665219909,30.499299180851395,54.05547550939093,47.55768369450023,43.53487224792338,0
39.93619218347199,76.34169950883114,42.77216240217474,61.211356186642334,91.85788282156932,61.142078580286594,67.36183281284485,55.696182141925085,0
23.859678893404112,32.250731499338904,26.076095943849076,79.18503586846721,84.87368647334739,32.91642345556621,35.54174007384728,33.25463396985739,0
43.85658315942263,65.28620935630684,67.74369550400155,72.94031668331661,90.41542049707701,41.60321123972305,70.70071913654206,59.00307892350788,0
62.77782766221537,42.46697923300537,90.59321492749388,25.638672956737402,74.96008214656412,76.22989704180816,91.22612221519692,64.11036619354083,1
59.48644738810829,43.729787057539674,84.21925358880164,79.66482254659141,58.02524915355763,79.42859005070488,39.43004816618087,61.42398956383489,1
65.16050643227743,87.21467638303004,43.438760369321,56.68399859445945,94.08358833383116,81.85694735773893,88.96312162644422,69.3769812165425,1
48.819764871235705,97.7204207707647,30.205248374705036,59.50164665730472,56.34187058369995,81.87457526401076,90.68942180120095,61.97844828787551,0
76.49115015264478,68.14529889042421,52.1943352678803,58.826073366058736,58.744025057985745,19.629477894750213,58.24366438621421,64.01925636485824,0
86.47766401393,74.74192089137986,81.65668977000038,49.23879918148168,60.31785895303665,20.678685519768038,48.639835373547484,74.22775953311223,0
55.95328359141152,38.41671196792653,20.499278319251985,73.23264870231617,52.80702006790746,51.25425544897874,37.99894032228071,44.05232613990021,1
61.02643191984137,53.04214250165852,55.91875784232728,64.46970787491057,18.50597177917883,90.6156722830738,23.6869917556065,55.66745555046305,1
54.07397978527956,34.58983001915051,59.902589549590026,40.41840870377103,86.80051984500831,49.70878671699362,69.10044446147498,51.855276325915874,0
37.910378251830316,19.5524920395214,50.332362849062086,60.91891916466321,54.763772100940024,94.9611491055088,74.54713390768227,42.482776681773096,1
97.65358405003161,41.60480722511775,81.12426236857172,62.44467740372911,66.94082835587994,96.86825603538622,70.31897598008936,75.63344558625907,1
89.90535138695343,76.06001877753977,28.190889737980005,73.953896825785,56.74524709483856,91.50383943858739,82.54675577523642,71.35754258413701,1
26.330775008578016,28.713251492284677,23.568880143888446,57.459589979569394,24.46174073658824,75.89426692597553,62.188686516034615,32.10807436275955,0
84.8708014042514,40.3836630937053,59.53126273289126,27.398374872843547,88.76880021202244,32.000396983187066,26.1889801080324,60.42477642029684,1
34.404047881854666,82.49851909783851,26.465162214774622,67.15419958705328,77.69450404921005,78.08649283862968,33.20487092865049,50.766082346240864,0
22.929919870208963,53.90451070177741,34.19882761956369,73.94166472111505,46.53542397243368,53.94831528265057,27.078794648136945,38.416575085147045,0
63.40402292385534,32.84193517055259,72.31885287319497,23.693505803831496,96.07156738250586,72.76215828686493,32.538365424954094,56.118942235534334,1
19.127571636948463,44.7570313764175,30.22506112417659,35.472906649563676,87.82002067503116,66.25637280406795,32.11661224231196,35.012215760420396,0
62.5327520549959,38.46245227399946,96.09606914864713,20.620578421095622,76.5854737734252,79.83976209531419,23.373021116616023,60.74223188780041,1
31.749549138508126,48.74453272831661,87.45238612232542,60.959995073479945,70.42454800058324,80.64102683654741,84.2498230670016,55.602722253902684,1
56.10276344669448,58.70345110187851,75.44046856702235,39.06738869885011,86.35917890924195,19.662945958067326,33.66172817677797,58.33748578236403,1
82.01599544292026,45.22065695141378,29.986626615384477,32.940380456912266,60.46051215488556,85.69452234759902,23.652057261688846,56.145461577006714,0
20.438472729971952,55.213450866947454,94.49499320429078,40.320784273130116,94.73364312536387,89.01449412720011,40.65080611100089,53.09181319491995,0
83.35584514049174,72.8693842055055,58.945791112380576,51.83329144342998,83.24022047403653,81.4463546156017,78.55490687540473,73.93478874344825,1
97.86047609722367,56.28099687531071,82.55383822559327,86.99826935867827,34.928206516294715,21.36531536424488,50.379872175086376,74.51576666868982,1
86.53893475494208,41.12826249556082,74.00081232539392,18.587851125141015,46.42915458561902,67.24133558065209,28.38057520578695,63.402801078058665,1
89.72855297179471,30.50191816936634,90.78348360031957,35.311144694637974,97.54229391326726,66.37989706364726,24.7475915550649,68.38621616386452,1
23.222178758292788,23.9937357007575,65.19141978327615,82.76633618619081,50.23701934164046,53.58686074254894,65.14301629317023,39.7511420754246,0
60.64324838290846,73.0449386481016,55.742857613042126,75.1088548051254,97.78485940373074,46.02382737990119,18.977237033228064,62.52968204975106,1
28.05000364413238,62.2811347989563,45.54062297157216,93.1986074963994,68.19568720859064,59.62841487723743,81.8431601017615,49.6392030536993,1
38.68718968392761,83.57908322258878,18.244888389127436,67.57418897085742,92.78057208366232,81.0287961627096,86.29073537178874,54.46797950229825,0
49.75637561372004,83.9391156880101,62.066533202421326,67.48321892025591,22.71322714686428,34.12413577395137,62.077153241084204,60.13270378139659,0
22.704084625879812,77.31574452701706,85.20456068175213,91.62898890358439,26.141476734384476,93.17761984182401,23.4096006103436,56.03416219166945,0
55.924497274225224,85.22008165022494,23.624891085156428,19.45848583911869,19.995817496532055,58.90161915488268,82.92773956773304,54.66775577847967,0
28.19413368580797,27.96882032636325,63.48374840398333,36.743648064953895,76.41709881158991,93.97083105413999,79.28267252803305,43.87761407535611,0
88.17402931031332,59.56688460573363,84.58554433740267,32.63225471893459,23.46783123165019,70.47624880997488,22.156200300644475,70.10636703058381,1
89.39851353117444,73.32433176859348,94.17605803271296,43.110932505058855,56.89266473612967,77.33522920360952,37.42231883686564,79.19383154868521,1
61.34790560893335,70.75738200043824,96.3046923557633,77.57626353939078,27.45046802232592,56.02667611066482,65.10166263916577,69.72980444996625,1
29.72985142914822,52.55728455848627,40.72046530686584,27.506203380962077,58.96335467707636,31.250646480987633,65.24299268685786,40.83702206249081,0
31.575754579349237,75.8875938882257,33.61932984237363,89.70280806209196,20.096748523904708,59.75979096365887,43.60838127092375,47.40566498433235,0
36.00612206196726,55.728222333211846,85.36156290594086,91.2221764421319,42.25988945182766,30.3394897676057,75.61123580530457,55.57815045952317,0
64.55989803647907,34.081291894204796,78.82366304699492,59.51443481937129,70.27161596059261,46.7471227170711,53.12780490419008,58.36406881577911,1
32.42736786999538,78.52126941162727,30.56090593214335,80.2642075800849,81.84062839076688,77.72807712440974,19.553823044699236,50.06141410083191,0
39.85065700853389,55.4670194233451,65.64355029734367,91.53776794952401,48.04847777029618,88.00186550191633,31.074343050946922,53.876317581926045,0
47.702439000690156,22.182560865705838,77.39914328444978,30.052220594633035,38.561601251876624,80.01866017545719,60.7773373938168,48.19181349434716,1
19.117817553477003,18.17881637979177,58.85285053919176,42.396441099935586,32.42491567961417,67.08751501728887,36.27491773739417,31.91569982321489,0
65.37657197479584,48.34127604690183,32.939697413583175,29.04837902949989,36.94884825018305,20.386568641038807,42.65015696290148,48.0067563298018,0
90.15637521454353,84.50897007064226,47.76030053757271,64.0666894865443,63.38884472112468,84.29900313549699,36.90320812135725,74.6669212234915,1
41.71099910344099,42.14283469964892,21.269599181733945,43.175029063135376,88.23310212704055,90.95901180571848,26.77082766148403,41.84537673033229,0
54.64468332947451,48.50791212701113,57.148735729871035,62.37756192469418,19.620700801419687,85.37937983369287,95.89312585386708,55.845902763726755,0
70.27238496029139,70.83617907946953,60.238388626456675,44.74187293715054,29.918225934361686,64.72506741568405,21.595312280736565,62.40108115965734,0
83.96020541534992,51.67293595764924,51.18033793295798,44.17366867807246,95.54831109588692,31.993356221657507,30.10462571801689,62.63137155705807,1
31.24252012360241,70.68219862806112,97.35162549836787,36.838013632140374,90.44939176539903,40.289324736653796,69.83199361002401,59.94619298716056,0
21.239916154669416,57.65231796609512,70.36559730231855,60.90558217781029,37.026830790543286,84.27975586143324,95.61092089905922,49.811324092564085,0
54.735687655365226,68.87354121514029,81.2330614676458,37.31912484974352,87.15603055430283,40.4160724247998,80.06646428121911,64.87037288219533,1
26.967938594113765,41.070936273133576,60.689594715189415,59.99376765634521,86.0344947589093,97.69018061108858,26.57686766881125,45.35919705401881,0
39.711050626002965,46.60785681784606,56.313472624800404,57.51277945235192,86.49560505187333,79.64474422280799,19.508126323036265,48.97158920102611,0
54.40174084665503,67.4459070595271,54.83164696744187,28.451620482056185,49.79792669525185,50.93245561037889,33.0172737959807,54.97837928388279,0
78.50456915767627,43.71205441139814,65.11898324548929,59.258414476701404,88.1941663373111,27.761194549027053,27.14104066027681,61.54615025829991,1
42.02557352984126,52.49719745006681,41.883379900171164,79.0549665916195,37.62126744874397,24.781979421779578,51.1039847907318,45.83803599063912,1
79.87034305107872,86.0449554869393,76.66758786906806,62.63093427997953,75.93533613993414,72.51116282430891,36.74933059960487,77.19071470561735,1
62.0607113762555,79.64874661107456,43.36965295001106,70.31785173735452,56.51843420150388,58.2527080756016,25.204403022572777,60.822036076311925,0
71.29737322443037,87.25496282836161,29.314503042069024,47.28845297731595,21.8933963872668,20.37055087811129,97.1726797337395,61.96697594287651,0
57.47772066451077,46.44152149081971,39.99016613000151,96.40101159559673,38.180062841734696,76.05667165901946,40.7006476644747,52.292535519325284,1
23.63916042855353,72.6621291614353,18.13046781038919,72.05988092484556,38.03012791918585,77.6883385657201,79.58001338805195,43.43325004232057,0
75.92857910540303,19.958675317408833,74.29892957150147,97.21164912446105,37.41002948204983,39.939085778027085,83.08212396644316,59.306601848092626,1
30.831744404486443,70.84669404036413,78.40211020004628,20.972852945548574,62.30096754121809,64.07018068287063,42.275431791343536,53.664177739719584,0
88.10757355180138,31.01997754398851,47.135576760468844,85.89349497178635,33.2514205284794,83.709930906214,24.325534189436457,59.3787795110172,1
57.1383253751992,24.02645299565627,72.23228680492115,81.24811912444801,85.98868385974423,96.5009800595191,71.76125778396695,57.22643653260194,1
79.52495310720163,58.46066226570635,91.01895209449009,69.500670575957,88.68411250010747,36.83616136111047,57.739022457445145,73.29068791757618,1
76.38551368510431,34.21774036501466,34.907183460958265,96.24341923245099,52.768828858976484,32.54523623390173,44.51711055852048,53.5745313174243,0
49.79009186127405,67.8468205976177,91.8411727238202,96.92720607376728,70.135900712889,73.99378886381798,43.74633357572712,66.99663330692444,1
86.57268763589992,35.42386681762519,26.510451944877406,95.86047920781206,87.13109414564258,42.29161076305067,72.01365731048394,59.32333983729621,1
55.36146859305596,43.85025649163767,40.94193686082359,28.88219561767252,61.945446582067134,53.72773520940062,58.97491362399555,48.703980054300516,0
35.22857339835236,93.08885366185982,69.08729570644331,89.96805259066694,26.741693282620435,67.82807726849398,85.95694549153289,62.94441167784266,0
44.47366238515733,33.61145353087891,39.20170446444958,39.83469813998392,53.77591719388281,44.077088222346525,39.7019258166393,40.67846757905733,0
69.88098387241104,22.242589733750755,45.229102251178396,73.18015727523799,32.06797994248048,35.67422897703299,34.0533300330334,47.81359705040647,1
18.07408853851239,55.901420146525815,21.116703153289855,39.83518494199201,97.58427396735773,91.47169691122399,35.20606465250674,37.72948767942279,0
42.80019455311462,55.09636658148412,85.55308373273948,82.2116753114473,28.099314925302572,27.95590786786817,51.33858031152357,55.34505040631612,0
87.60763116910177,88.56679992764019,26.589267974922414,63.943783037244124,30.454015770009033,72.89034480022262,91.31465983431252,71.05236465816955,1
54.38154339804749,24.64662197536412,64.34033567156365,50.68133361086838,82.87190018671681,45.22755711411102,87.99177603780714,51.401891164945546,1
39.89603261078279,30.601410871094878,42.518430185486395,20.79326334581972,40.499677349939304,70.80941071056246,29.38263828452739,38.19189965318742,0
26.909197822927037,28.59082330034803,24.20413394091731,87.97083294743517,93.52920923972225,21.724892138302902,78.80574252348322,35.50828569374211,0
76.97213973737581,97.75275396880323,45.82965293768545,40.840719335233295,54.24656966478618,86.52601417193524,76.28749140303191,73.43940771656877,1
55.72990511740022,37.56502746286986,76.16125930146968,86.36214944337569,49.99609848539927,71.48683566567874,50.01696169412785,57.022077781530555,1
56.279475051318784,59.99283039639309,80.05806512178223,96.20047873031449,53.54929301105859,45.38520049980848,47.887280517791304,62.85874952936494,1
28.71112555001453,41.75509902541782,24.9157930615045,52.23154105433977,31.388581544883912,45.71253967795269,81.48621995132851,36.01177142258568,0
37.67421204713088,66.95156970736551,90.09451353988902,63.35433496236375,33.50340902179301,45.581295517276345,65.22953657472529,58.32619815512291,0
58.52889118078828,29.889586902152303,53.743707575245516,61.44533559281987,39.386617156605794,66.99564122718814,23.612807958816788,48.27827025063461,1
44.928562685241346,82.34214662220596,38.742784072652434,66.41414800024626,50.802377096824955,43.316811393219744,91.29053503280215,56.65028398607111,0
45.460937446430684,36.93407211896147,90.74410525122164,77.6755484748652,72.54397709585578,21.962795365350065,28.496396857262063,53.3276030759021,0
69.06719710477303,34.75462692210082,36.051038850428725,80.33108122748885,40.873995906955415,23.72698417215328,20.914555784788888,48.36471434185083,0
53.45423897962302,67.37028621477168,87.51081867134423,26.864351602611144,33.733826103063706,60.38404887259769,47.128668979358004,61.45926370871135,0
56.60299609963957,91.92997191873724,61.59133230917497,51.209648848966076,97.15519253597958,23.217253591962905,92.56907586969376,68.31936661872327,0
58.13294736523864,58.30050702137105,91.75714673625674,58.58591836744556,53.07256724241191,39.79908736937592,70.70534134539366,64.38123339665898,1
63.571607278380924,35.147634955822646,74.75303320490599,69.52694858693124,49.78671073652326,18.352073752284046,53.726492014095015,55.55718918186186,0
18.484649370420136,23.999879143923188,52.44879219846673,24.553590734826216,40.0532347029733,70.43930948471747,42.689227408753524,31.84612362188472,0
97.81188752972083,91.3041627131985,64.82479236684189,95.35577109079443,87.44138355460177,43.51188150723896,77.96769967882474,85.23899657864328,1
28.94654272031579,72.76411395029928,57.28654611956644,19.346075140225977,39.93838579122966,94.43057739233988,43.266518807078455,49.62870552014233,1
32.51635642411525,33.00251572577667,56.33706117135592,85.4119392536428,78.64014121066772,52.94816060302195,34.69815067495684,43.48368550127016,0
21.68519200817529,55.01042555861848,83.18202788145533,76.3745594875451,50.688061410180026,65.57621375340803,52.89972167569741,50.255756985148565,1
64.32128878321423,59.400419551483935,72.47732801001271,58.616707482649915,93.24887985340469,52.24225452653489,19.273304243176874,63.027078869286825,1
36.909882832718765,58.048548648532474,61.245748151092954,62.19078314496428,75.16416786160657,39.971851409402234,71.19229432331818,52.10570062076784,0
74.32258184953702,50.9024602096661,50.17352793170576,32.31398285251598,51.1189901004299,80.94530333656098,90.71784044399071,61.52803012277052,1
65.48905530543723,41.949627468343905,72.58317749277852,77.2116966956803,44.57702230245299,84.12382891916374,23.895666571067206,59.415622446962914,1
18.86029740800204,27.837661810564207,30.48066782620078,88.3143226358177,51.99853617770247,39.99453535763054,52.32600927894555,31.288323283186738,0
49.587271416050584,42.11693343904136,29.031966592957225,70.47323695791044,28.92835222237243,80.03395621381395,34.13504106243629,44.36970099679614,0
76.50970457066494,82.44688845563735,28.02608078195606,24.939661463040323,93.96582165229279,55.043744540206454,68.41883959783907,65.11373823270222,0
19.86083520974142,40.29681444450719,58.4318123647509,88.89746507115231,39.715153405150105,80.01530558869757,70.97703426069614,42.692106323771284,1
27.221661424459597,41.47001382335972,37.02912291508958,53.402207005862834,68.82673944380673,52.67358044068053,37.56292606014448,37.92418218494343,0
73.67030145826203,64.75768757691918,59.545112593255354,62.353567795678266,35.752051703505884,72.4344848873965,49.00004284310146,64.86005728475669,1
47.077425578401574,29.978736661341642,65.74698676403571,66.21315284372052,45.224051493322264,86.78800454924273,85.63663189723427,51.314272509759085,1
26.724344518594506,73.60307102479345,49.50678049480178,97.97718808503143,36.00189037477219,40.44193643315916,53.368503564458194,49.04512035953784,1
39.49721189445305,73.35946931092113,56.47264897451844,35.67030678796321,58.509925558925005,89.10302130920307,81.39165174800422,56.692166555897316,0
57.90631395414568,41.079408251355815,32.39091717620222,88.27063017495163,74.81335523989571,63.773064251796676,88.35477167629347,52.77583644917726,0
27.73522298992716,72.59914288016546,35.33698499305856,27.64619528127896,55.24868080055465,48.991434381148295,93.29388874601483,46.18352072557742,0
43.91836374014531,83.1921807241602,77.90616003746757,71.4339096046829,91.63203783680477,50.633967550507364,49.17369487862925,64.89438499111564,0
30.87579388652075,40.06096603960553,88.38211648486966,55.95057063290944,45.308265775256835,35.28896440657369,56.7968200194892,48.16542370886904,0
75.3332296371623,40.93536203656603,78.61732166501233,68.38302197799348,81.00500500317634,38.07277030999298,68.48225157864363,65.1210876586411,1
30.298822359107355,47.103758573170936,75.9488075874241,68.53347084639486,33.02885802700176,86.66741376740234,22.26807858761455,48.095180047885805,1
65.61725508133196,96.7056400185285,60.52037854741989,82.05374559675366,65.61447785512817,80.64706519383941,70.44753082842297,74.18466596628949,1
73.2905611630023,36.22489208691073,77.34567308583341,37.03279093314646,96.45122201140705,36.22297527689638,36.9347202878125,60.50913947140828,1
86.69384963870912,37.438868957025534,46.87222347930263,75.17121289432215,30.69988641558106,30.72574038620018,56.90867386132952,58.75228498653675,0
37.49574033861815,36.852636445522684,18.739113713481014,47.63596729583584,43.46004436947226,20.49246486613363,67.69865425709308,35.04884751201997,0
68.13241456026833,23.664037741892713,43.363325032756244,87.82444255963182,64.57336545956628,50.95797792095903,55.208154277127676,51.36321654898258,0
34.66239955486441,82.95052005663423,91.12037643607741,90.8531233800035,35.914751335383976,42.859221422116555,30.849821984762944,61.117391051689935,1
42.576090690585055,44.624429769808025,68.64845896517085,33.17171052384997,91.55175394941949,26.247957606824798,18.550240882746643,48.26351412533299,0
86.39561029044265,74.30158462128398,46.428789628479876,65.63997647280945,35.88352806713867,31.471171891630078,55.691930811097826,67.5339480448057,0
46.25502637767687,67.21840404282337,35.45193476488252,71.0342160448495,79.34892162422506,31.330891442277952,21.508662673433278,50.24538178510855,0
53.1669900241071,79.92192687939496,70.06238684593141,74.1505376331673,50.22714719946947,36.79564362024559,60.542307462768754,63.687187393255066,1
34.34925549993575,76.09829575880526,33.75731647675816,41.30106133714732,58.52358226584043,56.936794731479594,66.06795011256236,48.939746082381944,0
52.99556803999336,91.55786468080731,85.19472753577506,88.32907609893107,68.361325712275,68.80063326886452,66.7358946972759,73.08820698022184,1
52.7907323537165,43.76848008538101,65.36023099590963,20.042546971076025,18.596514513904243,86.13134610373989,21.713923582209773,49.815139102874454,0
59.98361202667344,67.19902103597161,33.85369836979485,89.65846706121187,33.20766173987,88.76119898933398,79.0392215466428,59.098086609140516,1
37.259436281935514,30.059533302087484,43.29861681489881,49.83604530162198,37.66277411991388,97.91132390035386,36.37218689916648,40.30452589823187,0
84.45078615862856,30.72941976723782,96.4195700220758,36.041876662646786,51.735084382687376,62.68512534143252,27.622857212487467,65.42829128170732,1
83.3456053983281,39.97484261446639,61.9415921281331,61.97070485545975,66.21125218606281,22.438878921945175,31.489500946525432,60.65850781415771,1
30.895379433869138,42.16410075326815,29.59313254866719,91.75370566194317,59.03635604090406,67.88601181621476,46.59905403184967,40.53679087745026,0
40.099691282712925,58.25417361857704,41.54583798678669,45.49167405838114,54.22006994166857,58.45869497474844,96.7451209425471,49.65338094681839,0
35.86580705295524,57.038093190611775,29.960939159147117,45.999938616637806,75.38485749651234,31.956971500845967,64.50810460400345,43.69723720891668,0
51.33608188544058,22.126363552357837,92.64601931827556,51.08825122343091,80.7141228600933,51.30507909854403,92.98882572630276,55.833237357067325,1
41.2376267543118,50.978451975015744,78.70913922074291,45.493385222468554,47.14856570681435,97.58585387313788,62.44916205522816,55.55345854479409,1
73.15043629361185,69.47697873228879,84.23393177252578,86.94600795533944,63.060490597624764,41.56448599731195,19.82401980599756,70.38843395815518,1
67.15226008514561,84.03750666124957,54.04318444093276,31.176491239269144,41.04656583485127,58.79911436094917,84.93449751821332,66.11913803096405,0
31.740251685473652,66.97199005676114,78.26948911604364,92.88380162678585,27.33629533430875,92.11133073316459,66.11740281395836,57.42842495272568,1
79.33612699458288,22.301976765484437,58.49185245124761,67.8103739264635,42.54670718982722,52.53201664810021,62.34385082236784,56.30315655906258,1
62.20383518183839,21.348922032547044,53.15854132631139,35.10545238337847,91.33560624682798,96.12639920986672,41.97175170816553,50.96724156445441,0
32.0148317800847,35.56033207586745,56.2201804282363,87.96044792905427,58.00289719501117,22.43136493722381,21.19084821705152,40.8185881415608,0
36.19127564982789,85.42170220875431,67.71844460281152,63.03662830290332,43.51756740661137,92.35403240369499,44.49425959697059,59.73618533569965,0
84.79555301223574,89.67228143807073,56.66680105729094,89.54314155845941,40.14426299128377,70.67467409466207,25.0370998819509,74.69983305157619,1
55.91473712739151,35.38654417266783,23.02106223444823,18.298040646209657,43.98016931526467,65.16244756294103,54.41842781209259,42.11396075146903,0
42.141543881559684,97.29600246210009,93.16200319837422,28.05226454699975,51.20859413347958,69.90775471948886,76.67926380239494,68.9983354738639,0
47.30977239275923,77.7025450188278,27.932001032854263,44.545010020616374,75.3146540604724,68.05462322083001,84.97681718893239,55.21501202328609,1
21.748561813372405,31.95133742584388,21.879566581757317,33.369137939936905,18.3426248506348,58.3368241343093,60.265151645460435,28.49143123600985,0
70.63134251247959,48.79299577608347,18.25661525481472,71.91129235261097,22.343287019833006,87.29363446541952,19.812319016634987,50.63856851707659,0
60.4380098605306,89.59343059084166,63.79916606310241,66.6733397235144,72.52886786699246,27.79270781843736,71.99416806484476,68.26094848520606,0
88.42839056102521,95.93766662682532,53.44415994866776,45.56038813420375,78.26476924770536,61.429943047625166,38.58437235640244,76.81515898209554,1
31.772630797576237,31.618424047419495,54.73416292849217,31.60995244925201,19.577515520918862,22.1671019975752,92.39076351623726,38.25912605090416,0
23.83690729281086,23.854455246476764,54.095075642682595,37.608022586802605,95.01550817379982,90.87886715982434,50.379459893701366,38.819639383345915,1
53.89852155330074,48.00909224604562,21.029289331450258,41.427747140376695,27.81387756895873,26.18962640120982,62.868925834911025,42.98762231872952,0
25.90118861708498,26.234505903621088,56.44109718554789,53.3825892098111,29.01078281058955,18.355921984709042,33.43795534142751,33.62162439632145,0
36.871380334563256,82.0198754887094,91.2350680421772,50.475551799037575,50.40213812007823,74.99850270078934,68.15376125637512,63.85846329152395,0
32.731214935472735,26.61512978366891,53.00895125240406,63.186269053021036,29.09660825270474,41.46187947267556,42.47543971444599,37.52250774845586,0
38.90385608193312,54.86090130334328,70.24508674557909,58.75119068927939,34.116524979787535,26.235123763791982,83.74963703189603,51.52321612686598,0
56.34437461742286,22.971134730710176,38.64971997196464,82.32270227073238,78.138105981884,88.06533063179022,66.16702608013537,48.92791704139557,1
51.8324747486444,52.13079980435605,33.520003559435494,70.06391692143055,64.80550048742832,30.38915291430687,88.85303360362998,50.583647021341434,1
47.47745626484776,21.979101241685477,44.23047366238271,87.58853717692607,91.35652686894277,57.23187338077068,94.50719520587343,47.49218636722028,1
88.01934473695809,84.01845736793803,86.77680517457648,48.55003297350588,78.51751526044349,64.18712024609195,75.57472013922452,82.50821546579843,1
32.22288860646197,76.51151294199536,94.60739473553375,42.213065790514364,96.89290591645016,48.270081184429685,33.97787976168263,60.39506482752112,1
26.982898384019073,80.79695306305422,62.38603203012547,42.57050349296231,66.67602958350062,44.56809502728038,53.8686205862767,52.50462154069633,0
87.01313006024729,71.45331814873319,78.99214717637732,64.6794841175661,97.31184391084967,37.31280530327142,38.98329285750518,76.03072580300493,0
25.404715099066628,62.32156016565684,67.06873891266943,76.07692583190558,44.83567407594089,18.980544149202174,68.5783629670656,48.30936345982713,0
97.89563940163062,41.563948303199396,32.71475619752158,40.541356626108254,52.033237982163776,38.073034316205174,45.756802029402394,60.017633653568865,1
69.056539086349,45.60223894740918,49.68471558269238,21.202501023941117,91.43540012982957,50.550876793188294,44.251481282783544,55.879304495100044,0
24.91873569963076,68.73465723161469,87.1059960211004,21.292256004192026,29.62179738928284,29.711186310896586,66.18198842782343,50.66678241360427,0
91.69844021746951,53.02146936524077,45.50451585550805,79.2672548477353,77.40552494045211,37.74049114217677,30.866108984630884,65.71469358427588,1
46.62480259322851,80.0482713781305,73.60507119319826,71.26829650849642,84.35428481305631,40.1704249873115,45.17469803756081,63.100148208123514,1
21.387156048734077,87.49966206428267,64.59437879377424,41.84978335069547,23.553322515949244,75.87276025299677,77.89900156392488,53.23803927606076,0
71.29429216920181,34.30247767573836,91.05728468068838,78.25264152167011,70.62050588671762,70.075513873743,90.34861600733129,67.204942478766,1
92.2645706477699,65.65099344081919,51.33355287700387,47.098718364753296,83.5263072864578,69.56842718674667,24.18128242029229,70.19079542523754,1
29.374881041202176,90.01487160838771,88.75985184836007,94.1465958957975,52.228077386265895,80.72487261125657,84.25800218514573,66.10477404011299,1
43.255752467055444,29.627016898171377,97.76210893113384,20.41753630010799,65.78687349691543,70.01698193453672,72.54314735757187,53.53691632869561,0
38.450219517527174,75.72633954390807,35.311965062501244,84.3230604601346,35.52933392677076,73.73648232608619,80.67307886671807,53.164652508597264,0
33.1156600369751,37.038919010608225,80.32829909874935,24.87991773079623,33.26087619733313,54.442472495193215,92.41455429958165,47.16576162148843,0
62.95022679144084,49.01422785665804,96.26961777779813,55.09690449770308,52.69879789499856,50.93154535101788,42.9744058085437,63.62514257434158,0
44.05558477900675,73.02696479435984,21.266847787350493,72.54533805170551,34.096359850069824,48.73664025635943,29.723117804826558,47.18463822686049,0
62.220083525797584,76.34803559617117,46.37244608450917,31.073326203221036,36.120446554494045,83.4490334820458,39.411898804788194,59.64126260220123,0
79.97620744089818,44.49595254449689,33.098604347437,76.18468477019448,55.48360235801654,20.502180101984514,94.7953935475519,58.08367464881336,1
29.820275605768593,46.27255811624731,48.78357079965659,57.154391940673065,80.83552178673365,18.48722237401014,92.59776410688598,44.21569516142729,0
69.67915681624089,94.05191033191485,83.39116299331886,92.22705744665735,66.08004407485424,46.58471863017399,53.4331250490883,77.49516232736549,1
70.64258483072904,52.1545487813069,76.53382267742313,25.347841286402364,84.39893191879109,34.33509117136033,93.51580876197781,64.9501900784931,1
30.443663994981435,28.333135688191824,82.95008884699143,83.49614621624114,77.10075359049978,94.84243711237637,39.64317029483328,49.08270945038727,1
84.13189911922301,46.16324240347367,60.99189004554726,53.6480023761063,18.468001813888577,63.95697548313262,77.80047102111624,63.87902583641811,1
31.964190686021702,92.532468951443,60.431963153480304,32.25968025208748,69.67580567335082,33.35381668122752,23.082667863626913,54.32557513217904,0
72.82521939353938,26.85559066443956,26.497395870114826,77.19548505454506,22.41617865664569,82.78153432383637,81.69190069182622,50.7064585642143,1
29.31147424622128,59.47045178215751,25.730039277515388,68.60569758287897,23.034401037643725,93.55846850581977,34.618458829566535,41.263488085015354,0
72.6315724758916,28.263313950168804,34.76771586614212,54.07597191066965,63.8476913073213,97.90905923133464,20.07409824727553,51.23576306216275,1
18.025153571526957,46.02936757719584,47.29250942419359,88.70697888789053,91.00660381578416,88.44199810874551,29.454300038883822,42.15514157173732,0
50.968386814485875,77.67081298360185,43.00888542273931,71.0590422808441,36.97142905528736,43.87354063686465,86.83437194787871,57.79533491156212,0
38.04072288711961,95.14592695078903,42.500764874947755,19.88224878586219,38.39207230420564,31.696395379474062,58.54615729740398,53.026731411525965,0
27.0172853062288,68.08391017963277,87.99192564451957,47.00151054429885,31.479417544432355,50.001999662753036,80.87734571605016,54.5434262043689,1
65.31901392636765,26.09145706620825,60.974972346162666,55.446830516447456,44.16898048169291,26.81284768426586,96.48895484962199,52.72539428661468,0
32.08346559146045,33.41943126325964,29.646615368178868,63.61544309591505,53.49356595861603,37.964574562124476,52.35387064172225,35.88476655938073,0
71.88174808493744,40.536042519890415,91.21966208243043,42.50769897421647,33.85432246582826,94.36542774982516,82.84484880945435,66.215169776153,1
45.45100998747724,85.31454809151008,59.505139932304004,45.74019986088503,85.16892716313714,78.17320534915524,41.829987411448464,61.683134494186646,0
66.5342812206379,47.55121788158378,18.08415780483105,94.94525931202234,61.97032608582694,65.87460813326265,65.99131405418359,53.23070983785019,1
62.051316865552224,41.20382758188748,95.7260899926445,67.73347300122279,71.67370884431692,54.383420585363986,41.02891203926261,62.905111520452365,0
23.147918573994346,46.0184157254309,32.087794341471366,70.96706146056096,88.32031078421755,42.22038865965219,44.63061003312372,38.33085284742774,0
71.62916030632093,29.94171473929891,92.35499413421593,47.107742482038645,26.095955674141972,31.97472039365132,92.61968608059665,60.916538850401665,1
37.769543069521596,70.98150430650291,30.49321788306121,33.52813538790222,88.3390575119982,29.842657608204945,19.500046938902333,45.62385459992091,0
58.098655162102105,87.01814506103477,44.07928363324998,28.25298165165684,96.57846636525102,72.13909035915307,86.05525055585251,65.05621174524009,1
78.1710617863139,73.85938191913522,48.765125370473626,43.94719945629115,75.35668767155792,75.33704065417841,94.04707072392746,70.01214210438613,0
63.49278542786578,41.56968846301388,57.16230394643819,67.09710533807353,52.138383966153,81.29064986876386,64.76905697726701,57.312117612307006,0
18.754858210212042,63.58719105856068,68.68830287534888,91.22090012352565,51.097733893135086,63.957412741708666,55.999796057149915,49.31245085406013,1
60.53251427751083,23.384325653519717,89.78269340264812,90.83298718653005,61.844768787410615,62.52444125767564,22.60448287551636,56.87933409639497,1
65.83604104958054,52.332143190333,74.72349041875498,21.769993327645793,74.87101461835918,40.95150590658511,70.13642643624864,61.45679526312938,1
68.17007802496984,36.1473187705786,53.23618761730134,84.85066072426596,66.44733148758192,23.499064158272915,53.432706505666374,54.95508266863372,0
42.941716702233364,69.33165431293062,67.16511530362087,18.831848120811244,66.61564075347704,76.78797231879494,79.49840259212604,57.882230673998976,0
22.718061631196893,42.292673368789515,51.701884844121906,32.38173662359294,51.658709693200784,23.690362866047387,27.05738264056413,35.60427647311093,0
71.49558102747355,39.0057968928124,74.9124677983658,21.84868224133344,63.01624424348023,49.31589308694722,81.75771135323723,60.554322688741905,1
80.71612641644495,48.04477139660065,67.81712112701715,36.20390950555905,64.43254689443361,24.501175515801798,52.76834272948881,62.72056005257349,1
32.618214523048735,88.67049456732181,53.59206543734654,65.26189989100278,46.83054882640083,41.09928281918423,34.233582644922684,53.67367752144235,0
90.94972661336158,81.95726259415622,28.66089155448247,77.73799010334386,51.48246216293226,19.231732396845587,60.26938563009776,68.48997678877306,0
28.403715206789286,34.794745047487574,73.68327691392744,38.571362971295684,89.35105614734533,70.57358067393359,84.58267879286473,47.5305758963056,0
67.21516306641473,87.50796728176127,46.93477400177201,61.93124615084638,59.27123203554668,90.30325664623764,31.193232688689083,66.92420207010586,0
64.2448610549354,78.35449553815843,47.60398084269283,87.40652196927812,47.84118136621873,31.864700791673286,64.72386843240254,63.1869350502842,1
51.645440802985,19.215208374560362,23.587087399480257,33.6221744165272,79.54639676145219,89.36316128269986,61.651269921137796,40.80627397367174,0
26.445237001129875,60.75351617934768,86.4484368477556,77.95821032980717,41.28785309579,27.911248743068626,90.05453598097944,53.594491772265755,0
86.32709973057688,22.297229211618063,83.89395918596514,25.777011022795158,23.06269067216296,78.68807177170075,60.90484975399664,61.98921520683223,1
51.16384192722551,90.30897567808175,85.1442857654203,22.609877723764527,67.2869793552938,79.78139225659666,62.039246381996165,69.09932053301598,1
96.64043992609507,72.88380037180386,26.331441015762024,33.863840959996274,84.09964969595696,97.740533851544,25.867141349791176,69.38995056310107,1
26.02634542760387,79.07096433146268,23.148342537323167,23.484809285187797,89.105318640773,82.03598498547608,88.52505598915059,47.66418893502103,0
70.0410721706203,43.802913755108676,90.50505522662328,41.89788199795454,40.04086715638795,88.9120335354217,72.46580739945662,65.73194424827997,1
89.65376677673942,30.47210314031779,94.18374382125052,67.01937253602617,71.44280352747421,91.12484642611612,48.460237975570294,71.73595594444768,1
75.56599957566897,69.22724968995871,81.02021750927682,89.75542334666459,72.40486843440758,23.41116436024515,32.65122766798242,70.87008996629417,1
94.31825458136673,95.4920378701781,95.39306509586899,20.943952032009438,48.59585343595346,78.77381631903968,78.23086429262648,87.29023589417812,1
24.87271239599668,66.75911096716152,29.429569483268594,57.45674662942346,37.174856067289724,22.252893738778212,24.401554042128765,38.34544350092395,0
90.87143597839265,77.57167713612273,92.54591854183603,55.59919458668421,51.06339991622434,46.672583400167646,67.3045676841672,80.73909286419749,1
46.12475095770669,77.70185871856049,82.10538609726898,88.06756747435048,37.42407441962218,60.16176394339003,35.87556933838711,63.06665349307874,1
21.00446587362729,74.62602433358701,61.91850191480997,75.9141823642467,25.009832912522967,97.64209432495535,97.54788535576256,53.19746927000268,1
55.19998604028102,87.28469721470688,37.485484464444546,77.00529289786377,88.33806854508526,83.17330128646228,82.9419262592926,65.21119576009917,0
55.042130567109204,83.59919582230182,73.25638504170404,28.59611185153635,27.13475232516161,79.75377087477119,68.0371271018339,64.99190977006964,1
59.55008937531019,90.58094326790625,70.76722854969748,49.691739607064015,51.1145446540947,66.4195488654068,78.82202277490788,69.94360560334829,1
63.14826455592993,58.700870577534374,76.15205621233454,74.42116399256291,84.42774724908489,23.004142902183553,78.39617056655831,65.01998271694546,1
59.100836076135195,23.975449602652148,72.32080225356158,75.32321552015543,59.890173563574756,81.50391821198102,42.01984869034412,54.08017327732544,1
34.152577482514886,46.05871613946228,50.8040410636782,73.6746881921735,85.64159503025822,75.67345520629412,31.919004725568122,46.974326524196115,0
47.29736678402059,30.67309707582224,72.93793596464411,37.85375025735153,60.03095462814774,81.34638745557474,71.6751419937292,51.355251553031756,1
41.86991925321062,44.62934004930727,70.26914292824254,61.95741994719553,25.71147899760355,87.91932714188368,59.00905984429029,51.59549963314769,1
55.86888105579723,33.87514693058098,48.159505517642984,44.625988985207925,39.65885462635415,63.39252597174185,54.98202882242256,47.787766125989194,1
89.13581482517338,93.30751816377287,35.557874338247274,26.00843430137684,80.82700411901996,97.58891229108872,87.08800558833234,76.21160741239424,1
19.895792169498776,38.10108405651728,21.467382163301114,83.66235016329333,64.5125581033853,59.097483293364306,62.3559905597222,34.263693812102375,0
38.19610069572729,66.13106953110903,20.453358277122398,69.68093791766717,76.75470641430647,71.84210109694618,44.56940146497762,47.13443162640116,0
84.10103321020341,75.24351976939857,28.26378583394223,33.611537643065205,68.96867305425909,41.15329068448209,27.554635315698956,62.46340556758455,1
30.39751945199138,31.24937444323205,56.22327254547058,66.59083627435979,32.1121819883532,74.99972882905769,40.48100860012228,40.40531771269376,0
42.92465107151687,35.8798896859286,80.81649087545529,94.78510663495017,57.39998789424742,21.362451314559376,38.84554531403807,50.77655302949386,0
30.644023289507686,85.42098278816142,24.788318994656414,95.3180992550707,65.08110212997008,59.41918296593306,85.78804979353494,52.31863935452478,0
20.203809703316495,80.17221995256077,27.328323645481326,85.26224791523457,60.334097539028946,22.89035218880734,84.65960310410595,45.237368150756076,0
20.18512936570013,29.06965543148828,81.82596190613032,55.18968990863128,88.5110963483867,68.83434182328668,67.88230034963264,44.71827293859004,0
41.37880849056119,28.694441884138683,94.89379127173461,26.383815131471614,60.32084800588541,39.80548726678242,39.13125308651638,48.9170218716108,0
65.56689754422504,81.83472937430952,80.1743586265023,87.50413513548428,41.432219032989366,55.260110537205904,18.746765857601996,69.58912973752068,1
77.74860985090925,42.18744897138264,62.91948266161492,31.544022561556055,83.55196057074627,83.38177754226223,88.19623318023645,64.67647191572694,1
21.674959768537825,97.3966967820011,37.82235315517556,42.754694883787955,37.94685833523569,39.40261586932259,62.21290848829173,48.615734624355525,0
37.18484354430237,49.50170491203238,70.44852659545722,84.88209628621814,73.41932002135036,65.54582758298585,29.818285003285496,52.16310323229737,1
83.28924812330261,20.981991039443095,39.135333058824166,22.564713354556893,71.39431804675701,47.46968660748116,70.16387865638934,52.80343104804075,1
45.76247674428723,54.459258463959536,54.63688081329447,21.64645229340357,52.41812210768028,69.28514904921622,61.6841796860347,50.810752795966046,0
24.02270130226298,71.44447885493992,42.709020393220875,19.154784222321766,30.44764456673962,57.804772585324756,42.83213272240549,42.32283595301078,0
73.55064110028407,37.25227804526116,79.8236934780135,40.918174511518394,67.66909660675326,81.9373104200944,48.84449029149991,62.98898618351071,1
21.744395345237635,60.83564168471047,97.63272492356002,95.51934931015309,35.68177551553346,78.4557207539402,45.59614654560528,55.1086433829844,0
30.82179841464732,71.27317604819946,58.069498362141516,61.13844461245418,84.19141297884067,44.92349407099385,71.36758076445304,53.300869750941814,0
47.29531735701002,21.417911726434333,48.241208586907916,94.00275705633078,56.660998567073364,26.658434946949455,73.02614635009806,44.073497569966264,1
95.0703479774817,90.63561972354057,63.75686702465109,48.102459547882496,64.45421348073924,83.27448497593996,86.89898736147634,82.82140739623586,1
83.50751079539529,54.438110275339014,27.508639165618398,63.53387413910211,30.514306242669218,22.876666711828477,57.89342667430887,57.07979786874221,1
70.42987600373024,86.33178451251145,80.62684431634429,86.57924102052385,78.80550166567124,74.25915175249115,18.811005531255972,75.28151659119942,1
68.08818494473684,27.638544331129417,22.693370586603287,30.512972168452432,83.86337291534002,77.5079514480017,93.90179241641698,49.56847937817147,0
96.31810069203284,89.46271890991856,28.634084078159933,88.27061927399843,85.09097078309162,87.68686878877578,30.134849369319312,76.36299719608238,1
27.343346221865403,91.90471036672653,31.90613193076036,47.4897384834081,54.47878795952482,27.955402226365155,19.650743042603793,46.40630874108169,0
97.52723758136929,88.1325795867969,90.98703434805098,40.76504554176948,35.60812581963513,52.06932465403413,54.26554951824055,83.50048719647263,1
18.44795510913925,80.34024900478663,97.73336305136138,60.295269608167146,49.0606956009961,49.420151457696264,25.686170573768052,55.31163351169905,0
39.29294546912094,58.17062309077049,52.547840090775786,61.602779659448814,85.92525189099253,36.019384215968955,20.213134472504954,48.99278221698587,0
21.058035622619258,28.73350442454867,63.6386387843522,82.65478480303398,88.94447514245053,68.8090561579977,50.25146019607148,41.81440514590204,0
30.361176652491793,50.113467155478325,44.593210712622685,87.60207046857101,56.937550192848576,36.095671996362306,41.10408534526239,43.160389659918465,0
28.91761316341512,91.4868359255305,22.027667698917483,19.027699884471538,32.6391146821495,82.86992143285006,59.8773429304865,47.11911107485929,0
68.0674629901589,46.61853403325878,23.4942388439336,86.49265299937345,33.3515417700326,20.644736043609175,63.81633087465549,50.39235640804057,1
24.663137630768084,25.660948148786737,82.03016251860201,57.32876714543964,37.32067617977144,45.8901138687615,76.33927830745372,42.29730948675723,0
23.308331580528147,27.318449274656793,67.30096279924557,66.55773875736858,95.79697476282975,47.96395850043597,23.206210174201267,40.123965041439945,0
61.00299478797023,69.06774494094323,29.168222862899924,62.228957882815735,33.82136973266117,85.57840463048547,84.81291966270638,57.77371157903881,1
52.370327679875345,95.33945524102433,96.38190995597932,28.34008711580956,47.41710438659741,66.02571760373156,24.78702476651555,69.76935718304101,0
48.61244030513096,38.89376672132726,94.16401767733633,50.92686582651764,79.013668683801,48.9364290809739,28.544965633506838,55.94169578383488,1
87.05212241286779,18.03335335224831,22.475269917956002,47.15075247176346,72.95186044149892,45.33634362326206,23.305025409677995,48.90883426346713,1
43.427202698731904,37.59846871921299,18.433583985455837,60.784153054432146,27.331673179534885,40.99970310373329,69.29518641779316,38.20639070922525,0
76.00925510583818,39.076450148481804,44.33549368521872,37.75273905019722,94.55108802529536,33.241578158992226,32.654448290694106,55.14944323746651,0
53.60282366652256,33.14450873604553,30.53667650284865,25.67036301608684,69.21369984865996,66.96658039215168,70.0130313502373,44.7476344982208,0
79.8640006407517,44.108641023406065,91.47389868895372,76.65636888550048,82.37668708649495,75.6769731061369,46.676451634604945,71.34366425354222,1
40.6425990450108,51.80136556632113,25.762428842668676,54.10244012527577,21.451278647619187,18.31567680217556,92.51991515797542,41.64720236252009,0
73.14694884703144,62.94775576527751,45.28816315384463,63.64304117480593,89.32606210706653,70.19041071550917,66.19855983628034,64.86390736023242,1
54.816360237734244,45.65576245206864,73.88376911373695,96.47847528126513,51.980615481647206,49.37641632113606,52.2490777892034,57.88064976263413,1
52.04351744397772,97.24998186947961,74.54226060074726,46.734755936847336,47.720189906137804,52.463753979524455,20.936975006435976,65.82896243435883,0
60.2253121617,82.91047612182118,70.84542345660086,33.873667740923324,76.2427393102696,75.55668850656242,39.00313725191977,67.20937461885423,0
67.8299725485548,66.8759226497549,85.18300990849453,28.8857849466753,33.58708036092182,56.87756030142442,21.531611911384562,64.54017491215212,1
51.247535808136526,81.05752335997786,29.89715151871986,54.79589895492199,97.18153867059557,58.47360107398915,57.865905929767244,57.59629590804992,0
62.70348669793345,32.88034962661929,29.77311061487554,72.18837032920868,49.66134479246161,41.19253025723806,20.511329593591807,45.298608622531646,0
85.6840397742786,20.58630926758662,77.99864992666555,48.55908471988648,65.895024840372,37.814240055212984,30.43197329856585,59.87073736892915,1
60.6710400667958,73.6494155963315,33.63946359561172,52.908715794605136,53.57239762331165,35.278331926357026,63.20395570017048,56.62328069380596,0
29.67485494253605,58.779933865486406,27.07452090927996,56.843392708410995,42.927924390044545,54.1797033665228,52.69994875545393,40.828635339136824,0
90.63464982548743,57.19484799651702,83.47991231014996,36.05219143293722,46.16662357074071,24.007150450655274,51.65982358571949,70.61111135208249,0
71.49599096599448,85.0533627287517,63.273192943932415,69.20581356744628,32.18136620935585,20.97648305867515,81.33505161418529,69.1265118315556,0
31.36305659530291,25.293562842620194,93.00498567252762,95.08170912473412,67.30058332819956,48.290981814983475,84.65916327712415,50.66807953076866,1
34.37759674683299,52.351386194374555,46.561383920048144,91.01599925933454,91.5821932289819,70.07087410589331,26.85921122181535,48.40869608479608,1
56.5754231726642,37.62626929792454,88.79325305475855,29.07222392129615,22.344822068856587,74.35432268400626,54.26288599745223,55.968328779445876,0
85.06919100824676,23.97037049354494,82.0860906086274,20.986780227532666,20.245600953116558,54.905260138482376,35.703303174452145,58.776074822677266,1
65.49749656052245,20.065359536917633,20.83116338903828,76.17187969375524,34.81321299938493,70.51336989285869,77.99377292006068,45.0813081335229,0
22.746493257997393,79.58031635713914,39.47369743690288,49.163676655979856,24.931135383625335,85.09039866918822,62.85830290606111,46.85326689770718,0
58.37322222777377,95.48438487222045,44.760460795253664,89.26234291813569,75.57503048516834,92.28225086817912,90.62416422099678,70.64100558145066,1
97.28238440208557,28.534140162972605,81.6813113673276,82.35954839580026,69.54988225427894,40.30887665905616,95.21186173026521,71.89014030690865,1
34.353771031216766,57.96603026867512,59.7189690255349,30.946347586883107,75.80230578665928,25.10937313441918,73.44782230773689,48.72441367398655,0
85.88923970325095,45.95171400659196,74.75366468793601,30.541920651827986,85.67592011623029,94.16253588425798,30.215495479982152,68.52968894198794,1
73.34875791778657,58.46648772452207,60.51994654659029,74.51917748805505,57.09923994691498,66.02611136141735,36.472081552910176,64.09850702913876,1
48.28052771909042,87.21922800572017,26.79220093187085,65.8060208746912,32.74296497879122,85.72316783386975,64.32351630828398,56.491215389267666,0
50.243902613621685,37.98597389214544,52.947575935170754,94.60898607373939,58.73674317948964,55.55916253598882,77.70190508002473,52.001714418300224,1
48.32376566655253,52.19391599046352,44.955818525729526,30.073580426351313,75.10473713621205,87.8424731106899,90.44741193942124,53.1263708166889,0
88.46423504302237,54.14270419503943,40.7252953762557,69.03389996806587,94.37639295248253,76.1640518534884,57.58788492721253,67.50132887413129,1
73.10468596107586,79.80303299635176,91.54154090624566,79.05726031777233,52.655244450872445,39.888521477238726,57.9905331783673,75.32528448792617,1
44.25423556843774,93.42116741502512,58.63726747599698,55.76450687712067,45.85569745238903,69.15255922332803,59.60410228967582,62.09057109003457,0
28.323913831860523,87.53662486643957,46.72102657150387,52.60627439665234,34.45336453308633,62.27185660943113,74.16440499428663,52.31652639873467,0
88.49322565007516,22.128613197781014,95.86655277595027,74.30541936162854,40.74389475292139,34.35798040111729,41.68703349236783,65.23280923256335,1
88.0580601333154,41.31121385567603,55.025690764578854,74.45904433937861,87.75918909791085,70.68569298768833,78.24873572275382,67.71089577088173,1
31.86614370367645,88.1926262152911,40.05753468944885,28.270253124521254,96.09954322725355,34.13119403633288,28.932157606238118,50.58447118771659,0
68.08167200814293,43.509051959687625,28.667936414439467,66.08968937727008,78.71881817777884,81.45586993657253,30.44100808098179,53.274704754289985,1
62.54936543519538,83.09426965451685,30.88696091393482,34.61458014165399,18.19291179453421,59.97073251162305,33.57453574895607,56.16087550857292,0
75.93940605815193,94.97710844940846,34.70043911992562,69.92776094108261,34.94675691668091,19.44054871837632,78.68433553716679,67.41312716235575,1
52.72037413207143,93.74294892117224,60.742870571472444,30.598629518054718,53.98195534378223,34.23134358448132,88.24234181492596,64.38915580387476,0
73.27225447100199,45.299104372376284,60.22562582457123,71.55841505704228,80.62861733163402,24.411776789643334,19.80150735961974,58.83520614975598,0
27.156215773591185,49.59970481380504,55.33652880656736,28.91693041710787,50.89225103196842,53.32982290894644,26.727197094198935,40.965217558132736,0
91.33279681565872,65.93167420701661,49.08284243650257,58.55257467777653,43.13579891750454,86.34648253156745,64.0012033254803,70.86776889715166,1
57.591665151483475,90.87083224764781,85.03837585872542,83.02415131406795,36.048736338547535,30.24984891746854,73.20772157701981,71.00898894403144,1
55.491380507311675,72.69701703654749,78.8501785688893,41.62508058758007,40.7720346498247,57.26652530065469,39.88394508211979,62.34365243148278,1
71.38362208129595,77.73843567045733,55.763115684259546,75.90398124789147,58.8350055256621,75.02973775736073,35.997459823658026,67.85980900064844,0
77.10744367464335,75.20992187656142,39.32845656393421,62.477679283214,86.42493342995213,37.96181175779512,76.8783827211741,66.84291742765913,0
94.31733737175097,87.2993535806052,50.12160661442209,66.57661863905108,97.34161074021631,63.47499291005748,27.202208194429325,77.58999932233627,1
21.634460382300873,81.22516077952227,51.89026603214769,37.74503125033556,45.81376245287576,78.58982932371619,55.21978685070633,49.12482502899711,0
87.47995940207012,76.79404710221594,95.921132035634,89.08030134318747,38.36377694288073,70.72473862420426,19.64344276225151,79.89133695703153,1
97.28853795436785,38.88048870420772,71.18360748988673,85.93228969596522,30.837173018237714,85.83034742483834,18.979653263265796,69.08680512817337,1
53.358171046832595,55.76300980249108,47.92725706069887,64.91077970403998,91.18738789621057,44.159129144023126,64.34079097331394,55.43146811503333,0
88.19700205946583,79.83963160811025,21.25866118443968,93.42326113021298,21.73175234068902,65.10067794994637,64.02828962521318,67.29478991203162,1
80.91121845618528,29.875444147918213,32.3496313650163,78.16855461906884,29.960380192930007,55.55561016525117,76.53184721687455,54.26853337935388,1
70.0993543026145,34.848334889047614,42.31682069488684,95.51799225928328,53.89364961239071,21.556598114910443,35.56679195730661,52.0369734643489,1
45.39480717294701,97.95915234356687,42.21532379815349,20.1116679026036,59.03372620442688,24.688430797918166,39.92540789565775,56.008996996084186,0
97.39065408751513,74.37108151441235,22.05333034262963,53.89493748734368,31.731001010307942,27.8355725121697,64.96523306790417,66.01150258164559,0
58.452471171217255,77.42932674524066,89.38449825854877,37.73454859453295,91.83935893243176,59.43934180432764,38.70679345480937,69.07859838725105,1
85.66286704820874,20.8423934423218,62.76075019783685,75.72972280239733,40.39821497249146,87.07935340505743,37.22276506863879,59.76625467945013,1
85.18994261853913,24.28359710659658,30.794207349474505,48.47876671215265,86.32444102385435,29.566829210142593,88.03505918353932,54.66647546951719,0
36.378522129023494,54.2006718875623,46.218752340827024,27.450098129161884,93.54477916153121,53.05426326017708,73.22650090849555,47.89018325818248,0
64.02141413312249,58.13727334817659,67.32620988454792,89.86738449619432,73.94499005552876,60.59840635641769,69.6148768532781,65.10833814861755,1
66.51154244072173,52.64969659890505,67.98112081043602,53.485584013133085,78.60915022975298,95.51299868178285,94.78922859977834,66.15753624228843,1
83.65886291399843,66.1407117647588,77.94655904565924,32.24386362060435,56.32147658511381,38.58438119930915,18.279598488747766,68.67655776490976,0
95.33900597376608,87.1078849481473,59.09588947759414,38.332183049520545,73.43801681593894,52.784086763994196,82.26796267381596,79.30591368853727,1
97.96144881447594,45.926608599189606,37.552243478243824,39.390599103580655,25.467699654453757,49.52369572001243,19.394004217352744,59.967407865282716,1
27.15164459210205,39.735659781813624,30.789022072758456,76.57272796005802,26.448383269432025,87.27952840196197,35.68916029687623,36.89428496365723,0
26.687249357725413,18.808531554500682,75.21640034577172,38.529339675083364,58.75988841102198,26.929283733772458,96.82367385889994,40.1380595169223,0
28.030779125596425,50.954074131350254,86.13196018675727,37.590955878432545,39.35774282769387,82.67996127125863,39.86717257536102,49.750474891785075,1
18.229704887585036,52.23309763919598,19.002816774278,90.78338270634934,69.34505793433767,64.64114129769938,34.12716086898905,36.184071615678135,0
73.9956948342909,72.18037149426766,22.837085914029196,88.4677224648458,64.35306903438445,81.39735048308881,39.033125770307535,62.17356663600591,1
27.76382398027633,74.19596585494277,81.51061490041297,48.88268268954331,19.895382025304897,83.46032197230916,34.48751250643525,53.90474779659463,0
45.12255535179906,68.25848062217042,25.99637753690422,23.75966129107705,20.056301726021942,91.33118881915644,42.91061954149245,46.95967860494052,0
70.85270520937055,97.13881992141937,71.55606348495547,60.007583668494405,59.673594681379086,48.15337187644413,65.98237247640682,75.08521063576184,1
94.70331116365634,81.04352269586481,51.938129362659,44.59558632260266,88.68252236984972,28.862866050127504,85.96682055714415,76.20005521876394,1
38.406140907386586,75.25033886207342,82.4976464619864,56.15972138107781,33.382718091381946,85.58141947699004,47.40066760426518,59.880489653186686,1
43.654420838601546,58.80129458827517,52.80689928831342,72.64417736309794,28.97582466981323,52.855172323829834,89.33614489801631,52.73131676097988,0
20.885016755178036,54.58706665226611,70.84255731081682,89.01688696335883,65.50289815465406,83.95874169914629,35.815281516742914,48.83972440623731,1
46.22475489822877,93.37058191424342,88.8780090474149,62.63623861509636,56.03906702358762,54.08539131635668,22.703172925361283,67.07010499644399,1
89.39016831652535,83.45196067322684,54.500091578229366,40.35519781755787,45.433648514122446,27.852846869831158,75.74317930445781,72.51881102003492,1
62.53358852438861,36.72827382599159,67.84044576621517,96.33841714039798,27.791610838094336,54.67880085002622,57.53270567377014,56.45399031839138,1
31.343777105904195,60.52641687978518,66.4781806838472,30.587563105479624,30.377911920710112,86.50789725070048,42.91099493360359,48.916780704306895,1
68.42667096629047,68.14184605401712,85.1336700466108,77.19157049852188,85.24611467506223,68.01718317205325,53.95657284111952,72.23210242036595,1
49.485321705045976,48.322381332914865,51.47144783273262,28.344740172301627,51.916669680253364,49.15559257620969,20.76573306545852,47.20388427125249,0
40.0104604261072,78.15255797921735,64.23564571277002,82.49339974048242,61.41504355046119,86.3267012380214,81.68536796813734,61.98495541135098,1
25.86276561137977,96.16050944127939,19.1797957521063,65.74704303436948,81.40092074534098,44.551531188072275,65.88558338377263,49.80730839230179,0
46.96980246779586,22.849198000600154,18.676921527146472,25.588962408895064,25.872767529603742,66.8711821915,60.06921847700106,34.807221199657874,0
54.43706401385137,73.3537180481934,19.346090960995873,39.678678513258475,80.19141850301023,90.79816852136948,53.06692769900653,54.447379770927746,0
24.51871841107731,81.89829913827904,88.81363466181868,51.09282165549756,37.46842031362216,21.517733457835625,65.28662575158847,55.58713321973775,1
90.78955924499994,72.23104204162605,43.37988783157875,69.43106594319735,84.56547259584204,56.06640474795663,83.57987919982709,73.19222493681339,1
49.35277413330833,45.88045428766165,64.63909007028433,55.1749134155585,96.16895363688666,59.311153882253976,48.81376231328172,54.644841695029235,0
49.5946834502829,61.83519604904933,46.39296304065563,75.83252815719487,48.45303421613127,48.731550922019444,67.35785995014437,54.114279490266966,0
22.867749815680796,70.42839344921168,58.39777737269497,54.242089142931334,75.54023925663611,78.66046256038888,85.70086907299674,51.997549273977846,1
47.98424966539578,44.16301538027049,75.14736811956156,64.54438873123567,68.54412370814532,62.44183256846682,79.81544185630835,56.63200419507627,1
33.20327107937226,62.45697061931174,30.648143115490385,50.580155143279356,71.11950587328599,57.44572866513363,48.3673229337745,44.74065178647998,0
88.79760011324849,79.82605715979827,60.103262800029995,94.00425245403903,51.94922315479951,81.04583420704847,31.434899184113434,75.97803733959256,1
40.86339816884776,45.046846506716385,26.46566021636186,58.14438520608543,33.380810730119656,68.73487115597268,33.207388765841465,40.530405821949145,0
27.880500587142027,95.52693820791396,70.6592244648885,92.91607317667908,57.191023359458555,20.67219704506994,63.94969363451551,59.50820401124206,0
62.666310946856676,19.198048474927518,86.89936355214653,67.59765444931398,77.57529355009169,57.51368849260117,67.47219503266103,57.62053523679442,1
38.59759145828194,95.90062142149178,50.05760060381321,30.986129707010328,22.473233469970186,68.89375464682969,96.67038809411646,58.4470077824306,0
89.66355974770254,74.1683653989131,97.24783431942886,75.82626096336853,45.14008987211167,66.09745064481385,24.38133139884492,79.94616076926688,1
35.734599217803265,51.403218874279375,34.14547948504362,94.28008118625365,97.64780213957195,47.67487360973323,74.73831888617589,47.90406413289645,1
50.62165845305924,29.160736350896514,44.954147816168685,36.669735897253055,44.24625763259358,35.201735071817325,26.98760952465971,41.153861015844775,0
35.39427434899304,90.46056254638742,24.817734062122298,43.98053150041876,60.27599156021083,46.36101249426854,59.40856760151098,50.46798862898933,0
21.473604818748317,69.88557066915023,63.078304124484816,72.47730126837533,63.38062526617896,53.032286594053055,46.011323383526594,49.34789200435313,0
36.1148152079821,58.00541814452901,20.084196190200558,44.25926624794606,72.22978348516236,26.69736317490874,23.031299385562285,39.46926471164507,0
70.17428842330922,49.82197769138802,82.14600292395049,92.98490431770591,94.56323629860616,52.04742831153434,39.14617794200258,67.38278329928778,1
66.68909909939825,68.25543407425891,67.78759488607173,43.74228909751049,23.100138913384242,34.800387106047914,30.3535542417787,60.56238064850452,1
27.91202766266482,92.10266568572584,19.107811677917432,66.14861913890573,93.79790365921095,46.80425019953023,60.167847133797,49.96236944551983,0
73.66269307801278,43.37357557265911,56.21215901657993,83.36822802662016,77.62845322242109,82.67595291942726,96.98721309021248,64.90076063671928,1
47.62619799489432,77.76730103486184,66.22276536815863,71.3283813776957,77.18991238663476,77.97850535570518,88.85961194358558,65.12336818374126,1
45.94573401888443,70.27850848895285,40.42323452774847,65.56549640935802,78.09401121375423,81.28008689293122,51.60996023912982,55.56275867215613,0
58.697617856108785,44.70798809361383,31.52290772317044,38.841392415402574,90.97096039198595,42.71756339274528,95.98074668364882,51.451277961864754,0
37.31824681723054,75.84568699848359,63.912263485746855,73.7496039619839,69.51663572873449,74.53988668780713,90.44376387483672,60.21775534546907,1
63.07755968499851,23.427902632319615,39.666034755751966,74.65751843270111,57.52597023805387,61.884158609574946,65.72643643042332,48.857032684517435,0
48.61034183876559,79.91164200702842,75.88279071172389,75.14395297544911,75.22481392279558,89.22864013233982,65.63142235546195,67.42952975697216,0
95.36577595975666,27.535414751251032,68.55671812750916,75.35412367486364,56.17763287634876,41.05667091655492,62.00299621688792,65.70279008346219,1
47.17981442325622,90.72992568542531,46.543393002660395,32.05655941617033,64.11113121323623,49.679407310429546,25.671851584067284,57.08004254622326,0
63.18738807983267,61.027712893256115,31.85576693065561,65.81105351678744,63.38871790859912,79.88900984332727,46.92559438741075,56.54438622019281,0
37.90076189309114,94.09759095766205,62.89740182262305,20.171196710734424,83.65693472893946,33.740644873515265,80.88290541166748,60.291728852764855,0
74.41299417247718,95.50509794105258,95.2463441275621,39.9528499724608,79.31596649787348,43.348406862393915,68.33583510636754,80.51774419309737,1
65.81968679636745,22.363481249693173,18.414539986828608,22.62112116758476,28.23536380253929,38.612199307821896,90.55641785940499,41.31192379538517,1
59.49061402773491,81.75133910726309,85.06494016857664,76.7954478872433,49.31080995364576,87.10875150727863,77.36398026567365,72.80148720093038,1
77.45211547240419,90.12594617324554,65.8930777966147,60.285954396974134,89.21300460776602,54.356938253135745,82.92565568230744,77.15742016498494,1
22.30770883558462,18.10319555650577,60.26339916834854,23.888951505310416,96.12344107624509,18.440093923183902,75.4519709198917,35.08139968648233,0
37.47077566289765,95.4041604217645,48.52333205023169,20.182674101109214,20.15486123270262,62.269869737975085,96.93695832250249,56.64769616721611,0
96.38188280365755,44.98183778314126,56.61629193511176,26.03646446382529,59.774148479338535,65.97612792386185,38.084933248905685,65.79596051988437,1
66.96915487321391,89.9754201357003,18.076426673878444,36.31470194463556,34.79356506591505,27.910896242706162,31.288097018968152,56.06370758793689,0
68.07300362923101,26.21555121205141,77.08252872165774,88.96180724467067,92.12701793426952,70.81406514557607,33.79171285068928,60.08067497633553,1
24.82372604319263,36.56199630455997,94.95657486280341,94.98761614005697,48.55351071346736,44.063323287804046,58.80084658072523,49.140382999920774,1
41.33504731739205,96.37299613244507,35.69771120196619,47.531414574621486,52.34967005601426,28.005121846492973,48.62598614161039,54.52566746552868,0
86.53845760815787,29.228880116540676,64.72175606609498,50.53097104480134,31.64293808939638,18.986893155936464,39.86746427919202,57.59144473367573,1
22.946316855840152,48.141477703738815,82.81678845594766,75.574820870209,93.79069693614136,52.161233386965534,74.62411188734822,51.437481170701496,0
71.22733776816162,35.36370425266077,42.28660041861268,60.38636267182082,81.73258552047375,54.9450187570346,36.21932289404218,53.89197885791286,0
97.47725522242959,27.246304508293477,94.47111259930622,82.7237030744391,85.11148154462815,81.59340664731995,34.653675304369756,74.02695130332283,1
68.60659019161935,78.53998499607454,77.65486336813211,39.725229643526205,32.48955102109451,44.24983871316394,56.38755843019135,67.82088438011063,0
63.90245976509412,84.95602898553284,79.52273821636928,72.0920420533213,39.079143435420846,56.31043991479547,44.834869930236884,70.12524057412872,1
36.79425436404273,18.819628830678354,45.15695764565525,38.48930141716972,63.752186157345335,22.984141622696974,39.641567736816086,34.857647610917,0
21.581559199073226,69.31343236107489,63.45516468548999,44.99840184595786,29.786768034843504,94.63358662149881,64.75139579108907,49.281444361711806,0
72.32906932576543,60.507900261556145,82.5226598116964,89.7104039638497,48.616843487810385,73.20202497844885,36.39099876371176,69.34269485143724,1
70.14840377296308,49.93245039812421,18.542527952104397,94.44222947380966,87.47532364309751,41.26692402768227,97.82058513862884,56.79381262464992,0
43.37021396452273,54.70753491672598,86.10072209395337,42.36770810624327,54.043222751,71.24697336986044,28.43740438179426,55.88136846600002,1
51.78802949533742,42.75279498893012,72.14194446918543,28.877551204829743,36.61851832807499,74.91009630019863,30.497949577929184,51.78760373498935,0
51.76154097919118,75.0304577674095,79.23747075440042,25.590494293733478,86.15964875355826,75.9177840903973,45.1435670954651,64.36222264710707,0
79.1042281864192,76.26390922725273,66.07129812067085,62.67849387246755,76.77627911196683,97.94079213643636,64.28417994527084,75.05070404950116,1
82.69742974097984,77.54189738524663,86.46467216270605,94.36198891073107,33.44665659686522,31.236770911609305,64.90814627319207,76.8201873228157,1
53.94360503092035,63.657815433533536,81.84341875884068,92.53715840393971,51.39326601588465,75.43461164348996,33.74393502731275,63.818847925505004,1
60.76415594836188,19.744382222441594,58.30004537064776,61.626916730039994,76.83562686226651,69.95878321655934,46.67173874446412,50.61821248933311,0
18.458472057049704,27.238869889835915,95.84485228139619,91.78665266522447,44.00745304649163,38.708235193911015,52.913303495202996,43.80993536874712,0
73.19520236896582,46.546213812637895,23.383507818492443,50.22360739555171,38.84711955851455,43.99440089689694,31.03657966298435,50.13666122169337,0
70.7072055556518,60.130474659617995,39.66904938362834,62.308998504499314,57.41662777337904,81.67798852528225,94.47874154721613,62.508068303627134,0
28.453640718292476,88.71307831263863,74.38375506279218,73.40428362383238,47.94407177139778,45.51265563719368,18.451158785801358,56.279403333031716,0
96.57638997098462,66.5204665898439,50.18628991391404,61.50150575137428,21.242162727700997,31.892076423333506,67.8687939970722,69.59433806506244,1
59.140938374689604,80.96598583421064,70.69941523562696,66.11485407835097,83.22125634442507,23.46104844415205,73.27094371450282,67.38411306589096,0
75.24725706312124,40.01308397440088,33.65197091899155,35.10819803647993,33.85126907455954,59.902575272287564,28.85010490926628,50.95581251412062,0
70.74286891354804,26.406260715901563,20.151171224820494,43.54321939566969,33.348777898643284,97.09296443280658,42.239704049377394,46.20303683250615,0
35.7651268820411,33.74158587993716,47.90823238427922,66.46791162652622,80.5556220037026,47.16609981944547,68.07767840342315,43.648202948209395,1
56.564791862350994,85.71962770027187,63.523342172674816,41.19133375032801,74.28698057426047,83.60515904183967,55.235252541117205,66.64818880680305,0
96.9757791105855,88.32775033530507,33.756373573239316,80.94046977249899,66.07609954798129,60.784903824626774,59.11508692636547,76.12056299075269,1
86.27289142259433,66.86982311227588,61.01647880429869,21.908792540643926,53.864229580684594,90.64332496364061,74.93893834756952,71.18402780846365,1
22.076318244492274,88.71938257208339,84.13337771016432,61.73473692556224,19.79243721458252,62.994369442704055,22.36712399411409,55.07766594947415,0
43.630316770998434,68.31276951221912,91.03304671057396,46.6236509807583,86.80190263067627,91.46888083204131,19.683510436585145,62.78430983402207,1
37.15422702020252,74.7889839381999,78.54744344636387,49.393348017364325,70.5403690218284,66.9726893889628,77.1819969280848,60.61513429870564,0
75.49267421960974,24.869663839228906,30.660014475204875,28.61817178074528,92.59840558742552,91.08341186823914,81.79298156775761,53.476503371919996,1
27.337484854076745,63.94171759356687,32.978450087188115,47.4707150047042,39.36730213099304,84.31447851899728,29.55611196154186,42.18466949556802,0
69.69433348880605,96.71157310209335,72.96436666029068,24.338679120556776,90.627960157002,69.4463742151677,54.50487836841628,75.10967792172073,1
70.77539828328949,88.32354643781096,56.17017823321994,60.50571862497834,54.19579193743628,23.80731410589322,80.96561015418868,69.06003339637289,0
28.112939491347113,49.56560082306483,48.945827648618334,40.403263366939036,50.20057007155347,67.44072883059428,42.910984976616945,42.06787191974655,0
31.800955015862115,87.54940084058133,95.66661198857084,54.686705910105644,44.16157698756687,21.798566222258344,20.94812324880425,59.230755481848,0
49.430559651632166,92.41936146407726,76.45668347212515,45.941553509662,95.44371401456488,52.30063226045846,40.14341951797166,67.38833890364845,0
52.10825957794857,34.92345815870662,88.85110161606366,46.89386483341522,70.63751715954571,49.12377590617308,90.138513437117,57.578659281983946,1
69.39046013725041,57.060151222503954,28.57143753450708,90.15333302817635,61.74534946174167,40.8042378369134,88.23415134533633,58.31283994417343,1
22.355234191552626,43.12615338636573,60.94627209617181,45.185146883463446,56.13874043030863,39.14530018647871,28.406647274631773,39.238916471613344,0
20.948331089348137,30.611725192971353,94.23572112198494,64.03225066693908,57.11681002223612,48.74590714445669,74.67361167867082,46.06042037952681,1
29.30075807248747,40.09038941221308,70.47216957310022,56.325149166818235,79.6074031167271,89.76878751653226,83.86980730965249,49.850853948530435,1
32.73661714085856,25.317618842158282,31.555248043603882,80.68245532801845,91.10648715941684,92.0359094163086,41.85726314963564,39.38237607122982,0
85.22731024108467,60.89884280176773,83.82334786785658,61.869187390400086,29.671457582329452,24.337564085847795,94.57753193674716,72.3417259081591,1
52.06420451452632,46.041651591785424,46.50424678146483,48.31475291803776,93.59974623154704,23.01636699225407,27.524902990583932,48.65652229094468,0
81.17212123854793,61.952759307211096,28.28294063687616,20.75681094226691,35.93874786233819,38.86485901682168,19.13704236597136,55.289893397039684,0
35.28724306697547,77.06551495619198,86.4346951709603,89.85886638157743,49.193122611483474,43.55309807228461,97.988867856631,62.93355059278029,0
79.5472360737271,60.98816647260435,38.38171461515173,43.704436230808376,59.229147906350974,61.366633583260054,19.094291541894226,59.93464263010161,0
94.75200682171796,64.04849978812508,65.13265955273067,34.917690700305535,79.19897430409983,76.98116160734742,25.612637872381125,73.03738246938539,1
65.59954978079362,70.6554996263904,84.84545396591018,34.487294313416854,88.21078374451247,54.91848573660765,25.721889544451585,67.75973079000683,0
26.449697720870077,33.82435629385357,40.62005647882468,57.71246435678397,77.9000958195648,32.93807216155459,97.41214355996293,39.13563336642617,0
30.921754541625006,65.9502374177718,92.3152348697072,84.60059383014617,69.8311361330528,75.23943974327187,28.73645013642914,58.69360141009814,1
18.77304430081986,52.73190274882982,25.161514107064242,46.62020495302595,35.89942348557901,91.30773779045941,88.4044799206446,37.8974363213927,0
83.51542788248068,75.11554387311901,30.325754328322162,21.869394095932126,70.3110286283754,69.38065097400795,47.553942780358476,64.53018741674612,1
55.814933314847764,57.13195105903915,37.194250619720506,43.133328952606874,51.47116437308013,66.25432239292718,94.4655364813914,54.023282158900884,0
61.0787687615232,76.49311276345612,82.56008819164425,27.080649704684287,70.24997340431528,56.56885762035396,63.79447537983137,67.89756270118525,1
21.07335486152357,90.49725892379081,94.22273196603601,18.27855389476894,35.023327363320874,32.415533896716,80.50436138238811,57.15562415254786,0
65.84640472894563,32.18669306373854,83.11767642550883,46.27798974445987,54.868550103448186,48.98452842565163,59.71041651529836,58.20852444561028,0
56.41139750629803,39.96672021299541,51.964482999507226,90.66697198834402,58.23153091833961,91.31091283379004,62.01016382543717,55.23954475865015,1
79.50538346113271,41.48730477277704,81.23307920355262,39.14572903879885,19.56399773143784,30.858315454215443,19.732230002562947,59.91033985665199,0
93.76501135131429,97.99816163341553,78.97842108956165,26.65025310012701,89.91563682661196,77.50209466128835,44.57956123216703,85.04535589023592,1
58.18223294471457,70.94074730095751,19.9240380538617,58.12327296799161,76.59163466039881,33.05802975170663,53.50324587834665,53.147585129584,0
60.60241033479466,76.84522975673858,95.1562968634486,85.86204384034332,67.72147361839602,64.69125398678474,66.25493544581366,73.67989577361938,1
61.6142914127819,22.749030420713886,73.8637115670564,75.30694401036824,58.998428981362196,87.63100843220344,71.79494422053428,56.71156819528683,1
47.01317262856136,19.57554828789074,22.732931719814406,46.1438609313429,54.96842601589463,31.349689560674,33.146264513810564,34.175495887018144,0
36.4169087023469,80.44106716610182,79.70302727614171,48.635118833102304,31.789150526751666,26.87267080507754,24.970344963773858,55.410154549010485,0
49.30234007194977,21.643394665689552,44.6908029701068,94.922659403291,58.60036924880309,83.81157254681511,28.341275671631927,44.88862212915323,1
39.44630259277639,93.7237155635207,48.68415175472189,69.87249027586579,96.09014233300715,62.06302050645884,42.427675938298876,60.496631601977825,0
60.55587647616498,22.370975946468747,26.989589927415295,18.573688404181596,88.73680332520034,71.70243431196765,41.86638121061985,43.229184101356466,0
35.69291353658437,72.64612809262239,91.5625651828226,41.93112728416885,43.724728750942546,86.33925801550183,89.47006527070018,62.03982376359032,0
91.12292534638229,41.452336640535584,27.62500540770791,53.19980575988336,41.661189211294484,88.70933334494686,20.930795344283588,58.00616529592969,1
68.71043757090179,90.49450925984911,96.13362934448529,70.01044794384345,93.9938365617904,24.052757010005383,46.74226767969918,77.63897179344188,0
18.697175786138693,96.49470177526547,90.21811830133593,20.24420449985611,19.45061203678128,47.35755952850929,38.68303734327215,54.99808129965304,0
85.75458217940017,30.838752261748986,81.25195701606859,62.35677599925306,48.19134171239902,29.6575809386703,97.81530447677369,65.87523338779583,1
67.43888967372294,53.15057860543954,47.69020452421853,90.45825845046842,83.69534465526088,82.8948630694579,67.29587783699142,62.64651414261555,0
89.03652661566414,41.94226976976563,74.29649081306314,50.3558193913514,65.99990468477537,97.85224004901542,96.76198245402547,72.05614724949487,1
59.00952131739586,63.909076173185966,89.78574153098408,96.8508570011084,80.28862421008638,23.214756636690456,43.81117874750912,66.79602064035157,1
89.72498719362463,79.46820046803845,77.37864568195417,71.43385843745128,51.22110797059068,50.25930562757614,82.71459900726408,79.52796832331317,1
41.50242334120567,72.78654981607788,76.09668187391652,85.5644791489223,43.59084725656126,77.35114134705617,26.51919180629495,59.5931049761665,0
29.044938316152376,51.386883213872125,22.418062108419782,93.81586571722707,90.15166484074884,21.91469564206745,85.0649377513823,42.0434198333766,0
58.70993392720203,74.157031069884,88.95449354385498,64.15795896621589,27.306168022770358,18.206288838926902,57.75372258011572,65.24984027116415,1
93.93857056994881,63.80974972905567,47.83513104705834,20.47376136647307,91.19835338225603,44.17253286864337,74.3821921052077,69.90930532728667,0
73.53897616891719,38.31065290949983,23.102200516858026,48.80003029374748,43.37048110697599,74.02051190978607,83.58259965278712,52.42542613803241,1
35.79563339133397,60.258485582115384,21.24866779105293,35.14046583467695,78.94092842576664,81.4718656391258,80.11235707614426,45.626107489492,0
29.391033999061612,62.08277819747339,51.81667315547063,97.31890374360724,70.3255895246669,92.81616731165832,29.62802440067501,50.675325329164416,0
54.06986184801833,79.72860800846948,47.42861824243221,68.60067969229173,58.936173789892855,97.35435273743938,31.909803205239317,61.18237776865338,0
92.82789562641022,50.12567630426374,55.43943731018356,60.28815069519832,39.229323954686386,95.09259540886345,90.91897641878316,70.38552233122279,1
95.83240801690901,97.75356577676183,71.58400761447777,54.13483966445958,86.05871211970438,19.904390226907083,84.75232357708028,84.53904905241173,1
57.78288193688053,71.85760216667342,47.92368490740061,47.48985230934527,20.537372224871017,51.90315443432107,50.668335633546405,56.30308193116085,1
35.9832881494457,37.7858618831814,64.73116643540094,43.42171540316025,84.42015272138318,26.91080854856532,64.21159572600348,45.93506323013714,0
30.803578171128187,60.2592501536527,62.2036709560255,69.38381492205833,52.1939957818315,58.75797481034036,32.47620928650346,48.927398829549816,0
55.04122797890637,47.84243112754324,71.29048837235277,52.78573787971889,80.34733207841762,52.07936788589537,36.86169383791669,56.58684183307102,0
39.89509751668677,21.622818007330928,61.193504848072806,84.47047071202574,79.52893654540561,53.02315730707771,33.689628411560975,44.143299251091165,0
87.07875546379623,22.542482723605474,49.93781801619952,86.52921139071609,49.45413499233571,27.430037660556792,39.275960027663686,56.23521590003356,1
66.00235533943587,30.162872615565668,70.39482614738847,53.05295449593966,44.75116006564175,37.27403844185311,83.86639886853676,55.66773534577023,1
49.73391579707213,77.07834124849822,53.228415410990756,25.349374950942355,53.24047801338084,58.61502237886111,54.627375479470146,56.913751464430675,0
83.2993369398618,90.86810792344235,80.94229401688271,64.62255217687678,61.31599684439126,69.56928240989272,41.02642371514996,79.88696647050429,1
82.9477476918948,86.54785420829288,39.37737305454644,90.22545665120622,85.89861791933339,51.95894139860082,90.72001616741964,74.4843014619737,1
27.635119504920652,20.23892473671203,45.829346047524346,63.234855906187605,46.11540916262929,93.36541869370876,38.3768183244116,35.952517324751966,0
40.49707148741432,68.78620900358841,18.309110587336654,76.20456418836794,48.197558647452574,96.21982941146368,73.31340744237988,49.729117373442655,0
22.17719640658745,25.41022469935789,25.053448553932682,94.2097807913555,72.72412329740702,52.208480583114856,34.03861519040248,31.78431462104561,0
87.89117971486425,34.12447421370724,74.5343373180654,79.06594892362767,41.57248710843266,58.39317897365138,35.83914258547151,64.94343679680154,1
48.31437259643985,95.2107518624007,73.45104277235441,85.7291364952412,61.24796571733928,37.123179372108495,75.03038853337549,68.35946043472823,0
58.045436863245314,32.1479094485647,50.99439116945682,68.78721752130448,76.82654853457906,37.45766367122814,88.07978714794649,52.10931934192131,0
48.36408856597424,39.69093743141987,33.609604436297985,82.33370675223789,46.33316599728499,56.67192223103477,35.82558588511005,44.63030528648893,0
72.88728569351451,80.4826726041938,45.15401991626733,93.60635082971216,20.448848764818887,28.63544826192323,65.10296252483927,65.05170264609666,1
74.11254896387038,38.05463916072472,62.32568775130788,43.47089976342502,62.327139649727215,70.7462142211402,95.8246442855246,61.53663437378823,1
54.455748801694696,69.85728322171045,64.24313983359455,43.40439151100584,38.24513053581763,97.0296577395779,34.54818893612123,60.033829288865796,0
81.22202136593894,29.72699128166088,82.34810154890006,32.85827543916385,95.37253152129335,72.87901252596139,25.20945949406631,63.645039557298105,1
73.45416955672087,66.28966102252414,45.003699735516676,38.85887982053717,75.50086253985216,77.30890983598927,44.176467916202924,63.07437055321575,1
88.0981688671603,39.5061775110793,23.58915407798488,65.98942758620629,26.56564582652929,40.13312514131882,58.57491144387504,54.99188979676938,0
40.90876978858381,35.19970739360355,74.25483319245235,61.75994731218364,85.18089986002244,64.49916757243821,56.67577694190227,51.374752497223014,1
38.90050812886305,81.36527000730379,33.74968068514938,37.37827287785282,85.3270877402456,77.29540205833689,67.02987911836163,54.057963573697734,0
21.113642462925874,28.18060946277812,57.99659681500877,77.70711387863128,55.12806913534586,19.383441953182647,32.741599893345736,35.28225783374562,0
65.10133596961745,73.53736477503931,20.67426501695235,21.46654027684003,38.90480923650904,24.680135630925193,61.35569857546918,52.62502097250357,0
27.896158556534438,69.8575467921138,80.17802554460695,95.64133310016854,93.87255693101714,39.86921201882225,20.352768209853828,55.750440814729984,1
44.35297728894144,74.67840949701227,22.784096741803143,46.77701261371429,41.842763803752554,35.547650865518136,74.49046037842523,48.68285815681371,0
70.72776040194992,60.83952752274747,90.86197117452781,26.2511082184218,29.975137958250464,48.67597433755304,70.47056414903204,66.90563148943778,1
64.72634337963297,23.923414997434556,94.67398429971739,42.40518531691132,46.71780910264751,67.89038392347388,93.61324139677878,60.101201779164235,1
71.01505912826175,94.38186636381633,33.00728950563832,67.5047943178348,84.31031135010278,58.72195746038777,46.973894066347235,67.927743046707,0
96.78068240255017,29.27898723173284,50.87436220229253,87.86990020485281,90.03845972047367,96.43056812478193,88.78780738115051,69.52419486084722,1
22.076562030993003,92.38131997019906,52.25337531254282,70.12953499652656,49.54206953336953,83.0934461290839,64.07354210582129,54.61473140414595,0
85.64357140432034,33.50171772166138,32.798647580392185,53.23014412678296,18.380123596998445,73.42823639170065,41.68429822464088,54.246549055012046,0
62.58394769715599,23.60028483686775,31.651548750615518,67.82873360175462,42.453010168883445,35.17775540685069,36.307720064621435,43.22312361545015,0
35.185549178039636,67.82807595444385,31.41529715755657,47.01650873439123,73.03094924747617,59.09368458781205,65.78246966203871,47.80120124402206,0
38.07255835709988,92.61718985321644,51.11033986530685,40.95711492898676,90.34609472467778,70.42316922115096,67.11566905107604,60.14386325764501,0
88.93877217329344,22.683222901710753,85.01436096060642,72.22914914440807,46.79942358241035,38.50810740190845,26.38447199052461,62.99830578416425,0
93.2859336197352,29.352968266362893,38.75508285847074,73.2885743655576,74.81219503087941,30.86149636820752,83.13049286125022,60.843973336486926,1
58.822981534109,85.87653424920872,24.982831187803562,21.426399927495176,68.95923051954799,30.001903768785347,59.995923658664,56.07291623052567,0
19.1287007427607,80.39434084385601,89.96241361428012,85.11062095714304,94.66822505203346,90.24766037270317,53.52144146322922,60.963510586041714,1
49.86785667549173,89.69469343772344,92.15510362857816,95.82687586544296,79.46537878742262,34.15910639531043,93.59633088885779,73.4608285184203,1
93.77131734529756,71.29050911303771,86.58242130795878,62.89411369311618,93.53015563293782,25.514911727367295,87.11709571878166,81.41188644931546,1
22.440290322971148,45.12856417744164,28.826051409220952,56.33080739703298,36.57969263939759,94.16579034671977,62.74570669227276,37.39255279301565,0
89.81845890429798,40.244677524092076,20.078204795724865,80.05240029471373,74.19021279775775,61.639331653935486,83.227418378337,60.46873911290949,1
85.2067498118506,65.0322646414539,95.27422334831496,75.57695580938618,72.1500300930103,46.91374340469163,18.180686288000615,75.77634404392862,1
37.275413911534244,79.1136405451704,74.78970035497393,44.48177158640753,68.04663796307511,33.622998357850975,39.09021754152352,57.044826348767224,0
93.79264751219972,51.05444583484756,37.599007543908364,56.96865974711932,48.9612703829893,76.36232298792845,94.96928851927049,66.97391667862885,1
65.33899395661535,65.29177495495321,47.18670869787864,63.17047455802363,43.546309310971054,18.087365944987354,87.28769383027881,59.23352554534245,0
52.35552684173642,57.36707880431974,24.680073234074257,84.96884107243136,31.62696563020723,50.84969270274527,85.2212437651105,50.235555901027254,0
54.62263521708156,92.49218683731709,34.74514427365517,75.21862639638171,96.2398818849382,61.96909097762487,73.37471189151944,64.53011344756206,0
49.458132768080674,78.10698717803751,90.70992452189833,74.24444536404233,92.87429691047834,65.09221215938477,64.17099523607703,69.7981756512164,1
42.37019104873243,74.77019929310288,88.55620174049243,69.7052980903145,36.64313764788663,61.528729177734924,78.4749933561132,63.55096495203302,1
93.14906518982022,30.527683961644314,28.199767277324845,51.035482418632476,28.048893557008867,96.43431300040947,51.944349382604734,57.2471991802459,1
60.688841525432395,36.167022503421705,53.93008988295434,96.77551478889758,57.094972109357556,18.705914064358897,37.40220242005044,51.567798305480856,0
96.27638643828033,97.12540107285861,34.83944718173645,67.22112702750827,24.15266644043316,64.19533139557034,28.073656118914993,74.1281140070814,1
83.49292189141264,93.16599900817955,31.838944643958612,55.01697348758592,26.16343987797073,45.131200565838,23.20782038084212,66.35778305844288,0
39.16372224139417,97.21789336714413,21.568261385712148,86.71746636949365,24.19620622032839,60.319754489388814,54.169583394187654,53.59557892708634,0
92.5243728016516,33.92398898280717,32.37456123037081,77.89712708542658,76.05755784802831,73.9345416394239,20.09016929379046,59.73840976568748,1
38.796774937992694,85.19161422834395,66.06864971654181,66.17559365857453,41.673328432384935,38.81384708455583,93.72439104146038,60.10986273954058,0
76.22042230825699,28.149289424147003,93.01655537150111,64.58961214544439,44.668989356567046,49.77115571196787,76.03236082820945,64.07088714033637,1
48.101812134886686,64.29958392948856,74.83995973187238,33.629999784477164,93.53931889940395,46.493821714832784,51.549980566153145,59.13917822420031,0
73.88114942942565,66.70280715102112,53.20958695513434,69.97936322406332,90.22626460576356,82.02268933163349,83.9407207963819,69.48447337697324,1
38.67267268538504,51.552267943811,62.30553133232473,21.535265532918636,79.58337443018596,43.877073953207116,40.607686243281144,48.1647787002821,0
38.74336074849171,40.67034123360516,45.04118657262658,66.38596464609273,64.68522575200505,38.45694028815003,34.5139421258566,42.93810252550392,1
84.10865520570854,25.417867014109323,59.0258272960742,59.64486993514209,63.93094454492973,88.85200927257085,67.91311520758141,61.61470848275137,1
95.89070129984187,87.70824666789821,35.179220758976925,37.29466481802409,45.58193087321365,49.3211532064105,62.23960962461564,72.24651919982777,0
36.601010631707105,35.78761448910125,48.511196589446364,71.76184905702016,73.05004904769507,96.08933920322316,34.19323471374513,45.214220262346245,0
49.42873214855846,95.17419983512484,73.20069941324417,65.38228198576152,61.171684112107755,24.040830410900526,89.46990470527282,67.73698115412763,1
68.04041723320861,63.733392634242726,61.160027465747405,49.35313658568894,38.373175308871424,78.42575882675874,58.76540142093297,63.22537329044577,1
20.715162583137626,49.92755998177306,92.2882910578266,47.911564923269026,51.0586406340459,67.91688984440285,82.13398430527059,50.64090909645618,0
71.47688941637698,86.00437848983572,27.117646963255865,91.96740426549191,90.31375459291088,59.53188692684702,67.97937902297608,67.43115655125334,1
35.02504401611214,53.835795038511115,34.21626887358499,19.75813431528156,96.4722454501642,38.73172125681641,65.44866471182682,43.581506226688475,0
42.02003068302904,47.64972961683479,49.82092468658198,44.80373850598062,68.99198074719486,94.87490163908849,52.29077200049864,49.63169772522339,0
95.86613792434122,71.42377898758265,66.57089560168072,36.968308143913845,23.033656471950465,86.15478162334631,63.918485115541515,75.22703370848883,1
51.15310899399055,82.95738576707868,42.84643060618551,80.68938047715898,44.23710683246376,91.67049491233308,39.4373499565442,60.01393731982847,1
29.00432940596569,73.84773666795294,31.02778024518166,93.94904402311884,70.44440899110927,36.46885290276208,34.705514742834296,46.59739654110379,0
91.91000312963372,66.62863302799127,89.49888053379334,26.818016387666017,92.0313756463341,59.60394495952707,71.47375330650804,79.22178997413006,1
47.83003772330245,22.731225760466096,94.63779530734632,97.56786632867856,47.16374790083544,93.50943438015837,31.418103276925137,54.83383629907152,1
30.374755972686042,23.84894720073372,49.30155260673206,22.184180014527932,49.57257516903174,29.071234291973457,76.44222364583658,35.317222568038446,0
84.66901194691265,73.02523422370304,34.03953219489247,79.34785543263646,37.960015762661996,78.75908775748219,63.391805991711266,67.67130742354828,1
47.33700130329677,24.679390241284615,84.20076078456206,93.17223366385804,71.273422400051,95.16332533547511,92.72891352343929,57.19484491952861,1
33.56867206430029,76.49698788785707,45.944385555015565,57.00138884525008,30.55723449190766,95.9823542446122,76.09099064611269,53.043757716866615,1
39.352664770477446,47.71773521344268,51.79863414630275,77.80269793150723,92.05578134156676,43.71521063876573,55.800007062433565,49.531278151002,0
65.4566058267761,49.467519392025245,58.33450586925482,26.45661032160816,31.413951017613286,50.08810057761159,91.1951209416442,56.90128220415278,1
45.948643659570685,37.98342468840109,77.42897766794206,93.93041328612874,54.72988936508379,18.68839644537465,73.05194651804943,53.08370926727026,1
51.20486412929159,71.8916429292972,40.217321266336285,18.19265150535699,45.5596974996483,74.38338740903532,49.449062640735136,53.317317383582406,0
35.53393117225808,55.12054913072812,78.18788186387084,27.554646943384483,73.34016269173182,71.38752190431578,47.65903037480571,52.85165766145842,0
95.62689531035956,89.57642395842812,43.29291846416559,20.487287471507447,42.66438453960613,34.37775540328346,61.78015312380742,72.48758206797622,1
91.49955369457237,87.62700080300172,42.46633245318614,52.28780268445096,20.923375926365317,61.53308061193196,23.06943840405831,70.31554536582833,0
93.08849329832798,87.35470678818179,35.13501011500024,73.94949438896364,63.44163059466665,82.10861700129465,56.05216854012159,75.22424690071261,1
33.34175765326224,69.18747200982654,24.422426159675602,64.76703929347377,35.0163844371566,72.79491496988481,84.24345293824868,46.69205799497174,0
26.761978342565797,50.02148417188739,76.68172702207974,31.096244921508678,63.32189360285705,71.74711855005785,46.38348857915058,47.83584614996453,0
84.55858193620809,58.8526548037371,68.15958719524079,29.269823736382296,19.852813962613524,22.059885665998905,90.31361185585727,66.01539157869786,1
88.6113907398601,82.6073151329474,33.96896729878886,60.03669215596026,81.68936804386988,71.97353450046191,27.24169549407501,70.506673511664,0
89.6432959849939,30.85459142223698,31.743655473066838,90.08069033365666,56.76935512756128,47.83134607651735,62.29253938384452,58.28622909099947,1
96.5117866265689,27.570436419283432,78.55590790336522,44.7460689795302,27.363941667809897,51.75466842823509,61.900230218021676,65.67116146947286,1
34.476931018251754,50.4215567277282,68.85408203778324,64.11584157761777,75.85284752438804,84.91236263499209,50.731226541549894,52.22374535980421,1
51.8373820369782,57.73537075641225,63.30827027050428,26.66581393903133,43.01082833558193,31.75134363016194,48.86822098753053,52.75339080076157,1
95.86832580592292,64.61847653447838,52.350521593643705,63.274951617896704,71.52612443417433,52.796277063232075,53.816784340230974,72.24934435719807,1
74.11209035053669,22.8690066564561,61.20644546306753,61.78622497741611,78.54018089027048,96.61158018693264,81.66038294294465,59.82769082929357,1
